edge_id,upstream_module,downstream_module,dependency_type,rationale,source_refs,shared_artifacts,run_phase_contexts
E0001,ACCESS_BLOCKED_RESPONSE,ENFORCE_ACCESS_SCOPE_AND_MASKING,control_flow_dependency,Adjacent in `RUN_ENGINE(...)` phase `P01` between steps `P01-S003` and `P01-S005`.,Algorithm/core_engine.md,,P01::P01-S003->P01-S005
E0002,AMENDMENT_GATE,EXECUTE_AUTHORITY_CALCULATION_FLOW,external_boundary_dependency,`EXECUTE_AUTHORITY_CALCULATION_FLOW` references `AMENDMENT_GATE` in its module contract body.,Algorithm/modules.md::L1709[EXECUTE_AUTHORITY_CALCULATION_FLOW_...],,
E0003,AMENDMENT_GATE,VALIDATE_AMENDMENT_READINESS_FRESHNESS,external_boundary_dependency,`VALIDATE_AMENDMENT_READINESS_FRESHNESS` references `AMENDMENT_GATE` in its module contract body.,Algorithm/modules.md::L2216[VALIDATE_AMENDMENT_READINESS_FRESHNESS_...],,
E0004,AMENDMENT_GATE,WRITE_ARTIFACT,external_boundary_dependency,Adjacent in `RUN_ENGINE(...)` phase `P09` between steps `P09-S039` and `P09-S040`. Adjacent in `RUN_ENGINE(...)` phase `P14` between steps `P14-S005` and `P14-S006`. Adjacent in `RUN_ENGINE(...)` phase `P14` between steps `P14-S044` and `P14-S045`.,Algorithm/core_engine.md,,P09::P09-S039->P09-S040; P14::P14-S005->P14-S006; P14::P14-S044->P14-S045
E0005,ANALYZE_RETROACTIVE_IMPACT,WRITE_ARTIFACT,control_flow_dependency,Adjacent in `RUN_ENGINE(...)` phase `P09` between steps `P09-S014` and `P09-S015`. Adjacent in `RUN_ENGINE(...)` phase `P10` between steps `P10-S009` and `P10-S010`. Adjacent in `RUN_ENGINE(...)` phase `P17` between steps `P17-S007` and `P17-S008`.,Algorithm/core_engine.md,,P09::P09-S014->P09-S015; P10::P10-S009->P10-S010; P17::P17-S007->P17-S008
E0006,APPEND_MANIFEST_GATES,PLAN_WORKFLOW,control_flow_dependency,Adjacent in `RUN_ENGINE(...)` phase `P09` between steps `P09-S042` and `P09-S045`. Adjacent in `RUN_ENGINE(...)` phase `P14` between steps `P14-S008` and `P14-S011`. Adjacent in `RUN_ENGINE(...)` phase `P15` between steps `P15-S009` and `P15-S012`. Adjacent in `RUN_ENGINE(...)` phase `P15` between steps `P15-S024` and `P15-S027`. Adjacent in `RUN_ENGINE(...)` phase `P15` between steps `P15-S042` and `P15-S045`. Adjacent in `RUN_ENGINE(...)` phase `P16` between steps `P16-S030` and `P16-S033`.,Algorithm/core_engine.md,,P09::P09-S042->P09-S045; P14::P14-S008->P14-S011; P15::P15-S009->P15-S012; P15::P15-S024->P15-S027; P15::P15-S042->P15-S045; P16::P16-S030->P16-S033
E0007,APPEND_MANIFEST_GATES,SELECT_PRIMARY_PROOF_BUNDLE_REF,control_flow_dependency,Adjacent in `RUN_ENGINE(...)` phase `P09` between steps `P09-S060` and `P09-S063`.,Algorithm/core_engine.md,,P09::P09-S060->P09-S063
E0008,APPEND_MANIFEST_GATES,UPDATE_MANIFEST_GATES,state_transition_dependency,`UPDATE_MANIFEST_GATES` references `APPEND_MANIFEST_GATES` in its module contract body.,Algorithm/modules.md::L639[UPDATE_MANIFEST_GATES_...],,
E0009,APPEND_MANIFEST_GATES,UPSERT_AMENDMENT_CASE,control_flow_dependency,Adjacent in `RUN_ENGINE(...)` phase `P14` between steps `P14-S047` and `P14-S052`.,Algorithm/core_engine.md,,P14::P14-S047->P14-S052
E0010,APPEND_MANIFEST_GATES,UPSERT_FILING_CASE,control_flow_dependency,Adjacent in `RUN_ENGINE(...)` phase `P11` between steps `P11-S012` and `P11-S014`.,Algorithm/core_engine.md,,P11::P11-S012->P11-S014
E0011,APPEND_MANIFEST_GATES,WRITE_ARTIFACT,control_flow_dependency,Adjacent in `RUN_ENGINE(...)` phase `P15` between steps `P15-S075` and `P15-S078`.,Algorithm/core_engine.md,,P15::P15-S075->P15-S078
E0012,APPROVAL_STATE,DECLARED_BASIS_ACK_STATE,control_flow_dependency,Adjacent in `RUN_ENGINE(...)` phase `P15` between steps `P15-S057` and `P15-S058`.,Algorithm/core_engine.md,,P15::P15-S057->P15-S058
E0013,APPROVE_FILING_PACKET,WRITE_ARTIFACT,control_flow_dependency,Adjacent in `RUN_ENGINE(...)` phase `P15` between steps `P15-S101` and `P15-S102`.,Algorithm/core_engine.md,,P15::P15-S101->P15-S102
E0014,ARTIFACT_CONTENT_HASH,DECLARED_EXCLUSIONS,control_flow_dependency,Adjacent in `RUN_ENGINE(...)` phase `P04` between steps `P04-S102` and `P04-S103`.,Algorithm/core_engine.md,,P04::P04-S102->P04-S103
E0015,ARTIFACT_CONTRACT_GATE,DECLARED_EXCLUSIONS,control_flow_dependency,Adjacent in `RUN_ENGINE(...)` phase `P05` between steps `P05-S017` and `P05-S018`.,Algorithm/core_engine.md,,P05::P05-S017->P05-S018
E0016,ASSEMBLE_TWIN_STATE_SNAPSHOT,COMPUTE_TWIN_DELTA_SET,artifact_availability_dependency,`ASSEMBLE_TWIN_STATE_SNAPSHOT` produces or persists `TwinStateSnapshot` consumed by `COMPUTE_TWIN_DELTA_SET`.,Algorithm/modules.md::L1477[ASSEMBLE_TWIN_STATE_SNAPSHOT_...],TwinStateSnapshot,
E0017,ASSESS_TRUST_INPUT_STATE,LOAD_OVERRIDES,control_flow_dependency,Adjacent in `RUN_ENGINE(...)` phase `P11` between steps `P11-S005` and `P11-S005`.,Algorithm/core_engine.md,,P11::P11-S005->P11-S005
E0018,AUTHORITY_PREFLIGHT,EXECUTE_AUTHORITY_CALCULATION_FLOW,external_boundary_dependency,`EXECUTE_AUTHORITY_CALCULATION_FLOW` references `AUTHORITY_PREFLIGHT` in its module contract body.,Algorithm/modules.md::L1709[EXECUTE_AUTHORITY_CALCULATION_FLOW_...],,
E0019,AUTHORIZE,ACCESS_BLOCKED_RESPONSE,control_flow_dependency,Adjacent in `RUN_ENGINE(...)` phase `P01` between steps `P01-S002` and `P01-S003`.,Algorithm/core_engine.md,,P01::P01-S002->P01-S003
E0020,AUTHORIZE,APPROVAL_STATE,parameter_data_dependency,`APPROVAL_STATE` references `AUTHORIZE` in its module contract body.,Algorithm/modules.md::L1230[APPROVAL_STATE_...],,
E0021,AUTHORIZE,AUTHORITY_PREFLIGHT,parameter_data_dependency,`AUTHORITY_PREFLIGHT` references `AUTHORIZE` in its module contract body.,Algorithm/modules.md::L1746[AUTHORITY_PREFLIGHT_...],,
E0022,BEGIN_CHILD_MANIFEST,RECORD_EVENT,control_flow_dependency,Adjacent in `RUN_ENGINE(...)` phase `P03` between steps `P03-S012` and `P03-S013`.,Algorithm/core_engine.md,,P03::P03-S012->P03-S013
E0023,BEGIN_MANIFEST,RECORD_EVENT,control_flow_dependency,Adjacent in `RUN_ENGINE(...)` phase `P03` between steps `P03-S003` and `P03-S004`.,Algorithm/core_engine.md,,P03::P03-S003->P03-S004
E0024,BEGIN_SUBMISSION_RECORD,SUBMISSION_GATE,external_boundary_dependency,`BEGIN_SUBMISSION_RECORD` produces or persists `SubmissionRecord` consumed by `SUBMISSION_GATE`.,Algorithm/modules.md::L1860[BEGIN_SUBMISSION_RECORD_...],SubmissionRecord,
E0025,BEGIN_SUBMISSION_RECORD,TRANSITION_SUBMISSION_RECORD,external_boundary_dependency,Adjacent in `RUN_ENGINE(...)` phase `P16` between steps `P16-S051` and `P16-S052`.,Algorithm/core_engine.md,,P16::P16-S051->P16-S052
E0026,BUILD_ARTIFACT_SET,FREEZE_NORMALIZATION_CONTEXT,control_flow_dependency,Adjacent in `RUN_ENGINE(...)` phase `P04` between steps `P04-S090` and `P04-S091`.,Algorithm/core_engine.md,,P04::P04-S090->P04-S091
E0027,BUILD_AUTHORITY_REQUEST_ENVELOPE,SUBMISSION_GATE,external_boundary_dependency,`BUILD_AUTHORITY_REQUEST_ENVELOPE` produces or persists `SubmissionRecord` consumed by `SUBMISSION_GATE`.,Algorithm/modules.md::L1835[BUILD_AUTHORITY_REQUEST_ENVELOPE_...],SubmissionRecord,
E0028,BUILD_AUTHORITY_REQUEST_ENVELOPE,WRITE_ARTIFACT,external_boundary_dependency,Adjacent in `RUN_ENGINE(...)` phase `P16` between steps `P16-S022` and `P16-S023`.,Algorithm/core_engine.md,,P16::P16-S022->P16-S023
E0029,BUILD_DRIFT_DELTA_VECTOR,CLASSIFY_TEMPORAL_POSITION,control_flow_dependency,Adjacent in `RUN_ENGINE(...)` phase `P09` between steps `P09-S012` and `P09-S013`. Adjacent in `RUN_ENGINE(...)` phase `P10` between steps `P10-S007` and `P10-S008`. Adjacent in `RUN_ENGINE(...)` phase `P17` between steps `P17-S005` and `P17-S006`.,Algorithm/core_engine.md,,P09::P09-S012->P09-S013; P10::P10-S007->P10-S008; P17::P17-S005->P17-S006
E0030,BUILD_FILING_PACKET,DECLARED_BASIS_ACK_STATE,parameter_data_dependency,`DECLARED_BASIS_ACK_STATE` references `BUILD_FILING_PACKET` in its module contract body.,Algorithm/modules.md::L1245[DECLARED_BASIS_ACK_STATE_...],,
E0031,BUILD_FILING_PACKET,DERIVE_REQUIRED_HUMAN_STEPS,parameter_data_dependency,`DERIVE_REQUIRED_HUMAN_STEPS` references `BUILD_FILING_PACKET` in its module contract body.,Algorithm/modules.md::L1253[DERIVE_REQUIRED_HUMAN_STEPS_...],,
E0032,BUILD_FILING_PACKET,FINALIZE_RUN_FAILURE,control_flow_dependency,Adjacent in `RUN_ENGINE(...)` phase `P15` between steps `P15-S055` and `P15-S056`.,Algorithm/core_engine.md,,P15::P15-S055->P15-S056
E0033,BUILD_LIVE_EXPERIENCE_FRAME,SELECT_PRIMARY_PROOF_BUNDLE_REF,control_flow_dependency,Adjacent in `RUN_ENGINE(...)` phase `P13` between steps `P13-S024` and `P13-S030`.,Algorithm/core_engine.md,,P13::P13-S024->P13-S030
E0034,BUILD_PRESEAL_GATE_EVALUATION,PERSIST_PRESTART_TERMINAL_CONTEXT,control_flow_dependency,Adjacent in `RUN_ENGINE(...)` phase `P05` between steps `P05-S021` and `P05-S024`.,Algorithm/core_engine.md,,P05::P05-S021->P05-S024
E0035,BUILD_SNAPSHOT,RECORD_EVENT,control_flow_dependency,Adjacent in `RUN_ENGINE(...)` phase `P04` between steps `P04-S092` and `P04-S093`.,Algorithm/core_engine.md,,P04::P04-S092->P04-S093
E0036,BUILD_TWIN_PORTFOLIO_SUMMARY,DERIVE_TWIN_READINESS,artifact_availability_dependency,`BUILD_TWIN_PORTFOLIO_SUMMARY` produces or persists `TwinMismatchSummary` consumed by `DERIVE_TWIN_READINESS`.,Algorithm/modules.md::L1565[BUILD_TWIN_PORTFOLIO_SUMMARY_...],TwinMismatchSummary,
E0037,BUILD_TWIN_VIEW,BUILD_TWIN_PORTFOLIO_SUMMARY,artifact_availability_dependency,`BUILD_TWIN_VIEW` produces or persists `TwinView` consumed by `BUILD_TWIN_PORTFOLIO_SUMMARY`. `BUILD_TWIN_VIEW` produces or persists `TwinMismatchSummary` consumed by `BUILD_TWIN_PORTFOLIO_SUMMARY`. `BUILD_TWIN_VIEW` produces or persists `TwinReadinessState` consumed by `BUILD_TWIN_PORTFOLIO_SUMMARY`.,Algorithm/modules.md::L1453[BUILD_TWIN_VIEW_...],TwinView; TwinMismatchSummary; TwinReadinessState,
E0038,BUILD_TWIN_VIEW,COMPUTE_TWIN_DELTA_SET,artifact_availability_dependency,`BUILD_TWIN_VIEW` produces or persists `TwinStateSnapshot` consumed by `COMPUTE_TWIN_DELTA_SET`. `BUILD_TWIN_VIEW` produces or persists `TwinTimeline` consumed by `COMPUTE_TWIN_DELTA_SET`.,Algorithm/modules.md::L1453[BUILD_TWIN_VIEW_...],TwinStateSnapshot; TwinTimeline,
E0039,BUILD_TWIN_VIEW,DERIVE_TWIN_READINESS,artifact_availability_dependency,`BUILD_TWIN_VIEW` produces or persists `TwinMismatchSummary` consumed by `DERIVE_TWIN_READINESS`. `BUILD_TWIN_VIEW` produces or persists `TwinDeltaArc` consumed by `DERIVE_TWIN_READINESS`.,Algorithm/modules.md::L1453[BUILD_TWIN_VIEW_...],TwinMismatchSummary; TwinDeltaArc,
E0040,BUILD_TWIN_VIEW,PLAN_TWIN_RECONCILIATION,artifact_availability_dependency,`BUILD_TWIN_VIEW` produces or persists `TwinDeltaArc` consumed by `PLAN_TWIN_RECONCILIATION`.,Algorithm/modules.md::L1453[BUILD_TWIN_VIEW_...],TwinDeltaArc,
E0041,BUILD_TWIN_VIEW,SUMMARIZE_TWIN_MISMATCHES,artifact_availability_dependency,`BUILD_TWIN_VIEW` produces or persists `TwinDeltaArc` consumed by `SUMMARIZE_TWIN_MISMATCHES`.,Algorithm/modules.md::L1453[BUILD_TWIN_VIEW_...],TwinDeltaArc,
E0042,CANONICALIZE_AUTHORITY_REQUEST,DERIVE_AUTHORITY_REQUEST_HASHES,external_boundary_dependency,Adjacent in `RUN_ENGINE(...)` phase `P16` between steps `P16-S020` and `P16-S021`.,Algorithm/core_engine.md,,P16::P16-S020->P16-S021
E0043,CHECK_TRUST_CURRENCY,LOAD_OVERRIDES,control_flow_dependency,Adjacent in `RUN_ENGINE(...)` phase `P15` between steps `P15-S004` and `P15-S004`.,Algorithm/core_engine.md,,P15::P15-S004->P15-S004
E0044,CLAIM_MANIFEST_START,RECORD_EVENT,control_flow_dependency,Adjacent in `RUN_ENGINE(...)` phase `P06` between steps `P06-S014` and `P06-S019`.,Algorithm/core_engine.md,,P06::P06-S014->P06-S019
E0045,CLASSIFY_TEMPORAL_POSITION,ANALYZE_RETROACTIVE_IMPACT,control_flow_dependency,Adjacent in `RUN_ENGINE(...)` phase `P09` between steps `P09-S013` and `P09-S014`. Adjacent in `RUN_ENGINE(...)` phase `P10` between steps `P10-S008` and `P10-S009`. Adjacent in `RUN_ENGINE(...)` phase `P17` between steps `P17-S006` and `P17-S007`.,Algorithm/core_engine.md,,P09::P09-S013->P09-S014; P10::P10-S008->P10-S009; P17::P17-S006->P17-S007
E0046,COLLECTION_LATE_DATA_BINDINGS,RECORD_EVENT,control_flow_dependency,Adjacent in `RUN_ENGINE(...)` phase `P07` between steps `P07-S032` and `P07-S033`.,Algorithm/core_engine.md,,P07::P07-S032->P07-S033
E0047,COMPARE_REPLAY_OUTCOMES,FINALIZE_TERMINAL_OUTCOME,parameter_data_dependency,`FINALIZE_TERMINAL_OUTCOME` references `COMPARE_REPLAY_OUTCOMES` in its module contract body.,Algorithm/modules.md::L772[FINALIZE_TERMINAL_OUTCOME_...],,
E0048,COMPUTE_EXECUTION_BASIS_HASH,UPDATE_MANIFEST_PRESEAL_CONTEXT,control_flow_dependency,Adjacent in `RUN_ENGINE(...)` phase `P04` between steps `P04-S114` and `P04-S115`.,Algorithm/core_engine.md,,P04::P04-S114->P04-S115
E0049,COMPUTE_SCOPE_FLAGS,VALIDATE_SCOPE_GRAMMAR,control_flow_dependency,Adjacent in `RUN_ENGINE(...)` phase `P02` between steps `P02-S002` and `P02-S008`.,Algorithm/core_engine.md,,P02::P02-S002->P02-S008
E0050,COMPUTE_TWIN_DELTA_SET,DERIVE_TWIN_READINESS,artifact_availability_dependency,`COMPUTE_TWIN_DELTA_SET` produces or persists `TwinDeltaArc` consumed by `DERIVE_TWIN_READINESS`.,Algorithm/modules.md::L1500[COMPUTE_TWIN_DELTA_SET_...],TwinDeltaArc,
E0051,COMPUTE_TWIN_DELTA_SET,PLAN_TWIN_RECONCILIATION,artifact_availability_dependency,`COMPUTE_TWIN_DELTA_SET` produces or persists `TwinDeltaArc` consumed by `PLAN_TWIN_RECONCILIATION`.,Algorithm/modules.md::L1500[COMPUTE_TWIN_DELTA_SET_...],TwinDeltaArc,
E0052,COMPUTE_TWIN_DELTA_SET,SUMMARIZE_TWIN_MISMATCHES,artifact_availability_dependency,`COMPUTE_TWIN_DELTA_SET` produces or persists `TwinDeltaArc` consumed by `SUMMARIZE_TWIN_MISMATCHES`.,Algorithm/modules.md::L1500[COMPUTE_TWIN_DELTA_SET_...],TwinDeltaArc,
E0053,CONSTRUCT_AMENDMENT_BUNDLE,WRITE_ARTIFACT,control_flow_dependency,Adjacent in `RUN_ENGINE(...)` phase `P16` between steps `P16-S010` and `P16-S011`.,Algorithm/core_engine.md,,P16::P16-S010->P16-S011
E0054,CONTINUATION_ALLOWED,LOAD_AND_VALIDATE_PRIOR_MANIFEST_CONTEXT,parameter_data_dependency,`LOAD_AND_VALIDATE_PRIOR_MANIFEST_CONTEXT` references `CONTINUATION_ALLOWED` in its module contract body.,Algorithm/modules.md::L391[LOAD_AND_VALIDATE_PRIOR_MANIFEST_CONTEXT_...],,
E0055,CONTINUATION_REUSES_FROZEN_CONFIG,RESOLVE_CONFIG_FOR_REQUEST,parameter_data_dependency,`RESOLVE_CONFIG_FOR_REQUEST` references `CONTINUATION_REUSES_FROZEN_CONFIG` in its module contract body.,Algorithm/modules.md::L485[RESOLVE_CONFIG_FOR_REQUEST_...],,
E0056,DATA_QUALITY_GATE,BUILD_PRESEAL_GATE_EVALUATION,control_flow_dependency,Adjacent in `RUN_ENGINE(...)` phase `P05` between steps `P05-S019` and `P05-S021`.,Algorithm/core_engine.md,,P05::P05-S019->P05-S021
E0057,DECIDE_MANIFEST_REUSE_STRATEGY,RECORD_EVENT,control_flow_dependency,Adjacent in `RUN_ENGINE(...)` phase `P02` between steps `P02-S015` and `P02-S017`.,Algorithm/core_engine.md,,P02::P02-S015->P02-S017
E0058,DECLARED_BASIS_ACK_STATE,DERIVE_PACKET_NOTICE_STEPS,control_flow_dependency,Adjacent in `RUN_ENGINE(...)` phase `P15` between steps `P15-S058` and `P15-S059`.,Algorithm/core_engine.md,,P15::P15-S058->P15-S059
E0059,DECLARED_EXCLUSIONS,DECLARE_MISSING_SOURCES,control_flow_dependency,Adjacent in `RUN_ENGINE(...)` phase `P04` between steps `P04-S103` and `P04-S103`.,Algorithm/core_engine.md,,P04::P04-S103->P04-S103
E0060,DECLARED_EXCLUSIONS,INPUT_BOUNDARY_GATE,control_flow_dependency,Adjacent in `RUN_ENGINE(...)` phase `P05` between steps `P05-S018` and `P05-S018`.,Algorithm/core_engine.md,,P05::P05-S018->P05-S018
E0061,DECLARE_MISSING_SOURCES,DECLARE_STALE_SOURCES,control_flow_dependency,Adjacent in `RUN_ENGINE(...)` phase `P04` between steps `P04-S103` and `P04-S103`.,Algorithm/core_engine.md,,P04::P04-S103->P04-S103
E0062,DECLARE_STALE_SOURCES,FREEZE_INPUT_SET,control_flow_dependency,Adjacent in `RUN_ENGINE(...)` phase `P04` between steps `P04-S103` and `P04-S103`.,Algorithm/core_engine.md,,P04::P04-S103->P04-S103
E0063,DERIVE_ATTENTION_POLICY,BUILD_DETAIL_DRAWER_STATE,parameter_data_dependency,`BUILD_DETAIL_DRAWER_STATE` references `DERIVE_ATTENTION_POLICY` in its module contract body.,Algorithm/modules.md::L2597[BUILD_DETAIL_DRAWER_STATE_...],,
E0064,DERIVE_AUTHORITY_REQUEST_HASHES,BUILD_AUTHORITY_REQUEST_ENVELOPE,external_boundary_dependency,Adjacent in `RUN_ENGINE(...)` phase `P16` between steps `P16-S021` and `P16-S022`.,Algorithm/core_engine.md,,P16::P16-S021->P16-S022
E0065,DERIVE_PACKET_NOTICE_STEPS,DERIVE_REQUIRED_HUMAN_STEPS,parameter_data_dependency,`DERIVE_REQUIRED_HUMAN_STEPS` references `DERIVE_PACKET_NOTICE_STEPS` in its module contract body.,Algorithm/modules.md::L1253[DERIVE_REQUIRED_HUMAN_STEPS_...],,
E0066,DERIVE_PACKET_NOTICE_STEPS,WRITE_ARTIFACT,control_flow_dependency,Adjacent in `RUN_ENGINE(...)` phase `P15` between steps `P15-S059` and `P15-S067`.,Algorithm/core_engine.md,,P15::P15-S059->P15-S067
E0067,DERIVE_REQUIRED_HUMAN_STEPS,ASSESS_TRUST_INPUT_STATE,control_flow_dependency,Adjacent in `RUN_ENGINE(...)` phase `P11` between steps `P11-S004` and `P11-S005`.,Algorithm/core_engine.md,,P11::P11-S004->P11-S005
E0068,DERIVE_TWIN_READINESS,BUILD_TWIN_PORTFOLIO_SUMMARY,artifact_availability_dependency,`DERIVE_TWIN_READINESS` produces or persists `TwinMismatchSummary` consumed by `BUILD_TWIN_PORTFOLIO_SUMMARY`. `DERIVE_TWIN_READINESS` produces or persists `TwinReadinessState` consumed by `BUILD_TWIN_PORTFOLIO_SUMMARY`.,Algorithm/modules.md::L1535[DERIVE_TWIN_READINESS_...],TwinMismatchSummary; TwinReadinessState,
E0069,DERIVE_TWIN_READINESS,PLAN_TWIN_RECONCILIATION,artifact_availability_dependency,`DERIVE_TWIN_READINESS` produces or persists `TwinDeltaArc` consumed by `PLAN_TWIN_RECONCILIATION`.,Algorithm/modules.md::L1535[DERIVE_TWIN_READINESS_...],TwinDeltaArc,
E0070,DERIVE_TWIN_READINESS,SUMMARIZE_TWIN_MISMATCHES,artifact_availability_dependency,`DERIVE_TWIN_READINESS` produces or persists `TwinDeltaArc` consumed by `SUMMARIZE_TWIN_MISMATCHES`.,Algorithm/modules.md::L1535[DERIVE_TWIN_READINESS_...],TwinDeltaArc,
E0071,DETECT_DRIFT,WRITE_ARTIFACT,control_flow_dependency,Adjacent in `RUN_ENGINE(...)` phase `P09` between steps `P09-S017` and `P09-S018`. Adjacent in `RUN_ENGINE(...)` phase `P10` between steps `P10-S012` and `P10-S013`. Adjacent in `RUN_ENGINE(...)` phase `P17` between steps `P17-S010` and `P17-S011`.,Algorithm/core_engine.md,,P09::P09-S017->P09-S018; P10::P10-S012->P10-S013; P17::P17-S010->P17-S011
E0072,EMIT_WORKFLOW_ITEM,RECORD_EVENT,control_flow_dependency,Adjacent in `RUN_ENGINE(...)` phase `P16` between steps `P16-S079` and `P16-S081`. Adjacent in `RUN_ENGINE(...)` phase `P16` between steps `P16-S084` and `P16-S086`. Adjacent in `RUN_ENGINE(...)` phase `P17` between steps `P17-S027` and `P17-S029`.,Algorithm/core_engine.md,,P16::P16-S079->P16-S081; P16::P16-S084->P16-S086; P17::P17-S027->P17-S029
E0073,ENFORCE_ACCESS_SCOPE_AND_MASKING,VALIDATE_EFFECTIVE_SCOPE_BINDING,control_flow_dependency,Adjacent in `RUN_ENGINE(...)` phase `P01` between steps `P01-S005` and `P01-S006`.,Algorithm/core_engine.md,,P01::P01-S005->P01-S006
E0074,EVALUATE_AMENDMENT_ELIGIBILITY,UPSERT_AMENDMENT_CASE,control_flow_dependency,Adjacent in `RUN_ENGINE(...)` phase `P09` between steps `P09-S026` and `P09-S035`. Adjacent in `RUN_ENGINE(...)` phase `P10` between steps `P10-S021` and `P10-S022`. Adjacent in `RUN_ENGINE(...)` phase `P17` between steps `P17-S019` and `P17-S020`.,Algorithm/core_engine.md,,P09::P09-S026->P09-S035; P10::P10-S021->P10-S022; P17::P17-S019->P17-S020
E0075,EVALUATE_PARITY,WRITE_ARTIFACT,control_flow_dependency,Adjacent in `RUN_ENGINE(...)` phase `P09` between steps `P09-S068` and `P09-S069`.,Algorithm/core_engine.md,,P09::P09-S068->P09-S069
E0076,EXECUTE_AUTHORITY_CALCULATION_FLOW,AUTHORITY_PREFLIGHT,external_boundary_dependency,`AUTHORITY_PREFLIGHT` references `EXECUTE_AUTHORITY_CALCULATION_FLOW` in its module contract body.,Algorithm/modules.md::L1746[AUTHORITY_PREFLIGHT_...],,
E0077,EXECUTE_AUTHORITY_CALCULATION_FLOW,SELECT_DRIFT_BASELINE,external_boundary_dependency,Adjacent in `RUN_ENGINE(...)` phase `P09` between steps `P09-S005` and `P09-S009`.,Algorithm/core_engine.md,,P09::P09-S005->P09-S009
E0078,EXECUTE_AUTHORITY_CALCULATION_FLOW,UPSERT_AMENDMENT_CASE,external_boundary_dependency,Adjacent in `RUN_ENGINE(...)` phase `P14` between steps `P14-S031` and `P14-S040`.,Algorithm/core_engine.md,,P14::P14-S031->P14-S040
E0079,EXECUTE_AUTHORITY_CALCULATION_FLOW,UPSERT_FILING_CASE,external_boundary_dependency,Adjacent in `RUN_ENGINE(...)` phase `P15` between steps `P15-S035` and `P15-S036`.,Algorithm/core_engine.md,,P15::P15-S035->P15-S036
E0080,EXISTING_SUBMISSIONS,SUBMISSION_GATE,artifact_availability_dependency,Adjacent in `RUN_ENGINE(...)` phase `P16` between steps `P16-S027` and `P16-S027`. `EXISTING_SUBMISSIONS` produces or persists `SubmissionRecord` consumed by `SUBMISSION_GATE`.,Algorithm/core_engine.md; Algorithm/modules.md::L1882[EXISTING_SUBMISSIONS_...],SubmissionRecord,P16::P16-S027->P16-S027
E0081,FILING_GATE,AMENDMENT_GATE,external_boundary_dependency,`AMENDMENT_GATE` references `FILING_GATE` in its module contract body.,Algorithm/modules.md::L2246[AMENDMENT_GATE_...],,
E0082,FILING_GATE,EXECUTE_AUTHORITY_CALCULATION_FLOW,external_boundary_dependency,`EXECUTE_AUTHORITY_CALCULATION_FLOW` references `FILING_GATE` in its module contract body.,Algorithm/modules.md::L1709[EXECUTE_AUTHORITY_CALCULATION_FLOW_...],,
E0083,FILING_GATE,LOAD_OVERRIDES,control_flow_dependency,Adjacent in `RUN_ENGINE(...)` phase `P09` between steps `P09-S057` and `P09-S057`. Adjacent in `RUN_ENGINE(...)` phase `P15` between steps `P15-S006` and `P15-S006`. Adjacent in `RUN_ENGINE(...)` phase `P15` between steps `P15-S021` and `P15-S021`. Adjacent in `RUN_ENGINE(...)` phase `P15` between steps `P15-S039` and `P15-S039`. Adjacent in `RUN_ENGINE(...)` phase `P15` between steps `P15-S072` and `P15-S072`.,Algorithm/core_engine.md,,P09::P09-S057->P09-S057; P15::P15-S006->P15-S006; P15::P15-S021->P15-S021; P15::P15-S039->P15-S039; P15::P15-S072->P15-S072
E0084,FILING_GATE,SYNTHESIZE_TRUST,parameter_data_dependency,`SYNTHESIZE_TRUST` references `FILING_GATE` in its module contract body.,Algorithm/modules.md::L1337[SYNTHESIZE_TRUST_...],,
E0085,FINALIZE_RUN_FAILURE,APPROVAL_STATE,control_flow_dependency,Adjacent in `RUN_ENGINE(...)` phase `P15` between steps `P15-S056` and `P15-S057`.,Algorithm/core_engine.md,,P15::P15-S056->P15-S057
E0086,FINALIZE_RUN_FAILURE,MANIFEST_GATE,external_boundary_dependency,Adjacent in `RUN_ENGINE(...)` phase `P05` between steps `P05-S015` and `P05-S016`.,Algorithm/core_engine.md,,P05::P05-S015->P05-S016
E0087,FINALIZE_RUN_FAILURE,RECORD_EVENT,control_flow_dependency,Adjacent in `RUN_ENGINE(...)` phase `P07` between steps `P07-S015` and `P07-S021`.,Algorithm/core_engine.md,,P07::P07-S015->P07-S021
E0088,FINALIZE_RUN_FAILURE,TRANSITION_MANIFEST,state_transition_dependency,Adjacent in `RUN_ENGINE(...)` phase `P05` between steps `P05-S009` and `P05-S013`.,Algorithm/core_engine.md,,P05::P05-S009->P05-S013
E0089,FINALIZE_RUN_FAILURE,UPDATE_MANIFEST_OUTPUTS,state_transition_dependency,Adjacent in `RUN_ENGINE(...)` phase `P10` between steps `P10-S028` and `P10-S029`. Adjacent in `RUN_ENGINE(...)` phase `P15` between steps `P15-S095` and `P15-S100`.,Algorithm/core_engine.md,,P10::P10-S028->P10-S029; P15::P15-S095->P15-S100
E0090,FINALIZE_TERMINAL_OUTCOME,BUILD_FILING_PACKET,control_flow_dependency,Adjacent in `RUN_ENGINE(...)` phase `P15` between steps `P15-S051` and `P15-S055`.,Algorithm/core_engine.md,,P15::P15-S051->P15-S055
E0091,FINALIZE_TERMINAL_OUTCOME,EVALUATE_PARITY,control_flow_dependency,Adjacent in `RUN_ENGINE(...)` phase `P09` between steps `P09-S066` and `P09-S068`.,Algorithm/core_engine.md,,P09::P09-S066->P09-S068
E0092,FINALIZE_TERMINAL_OUTCOME,EXECUTE_AUTHORITY_CALCULATION_FLOW,external_boundary_dependency,Adjacent in `RUN_ENGINE(...)` phase `P14` between steps `P14-S029` and `P14-S031`. Adjacent in `RUN_ENGINE(...)` phase `P15` between steps `P15-S033` and `P15-S035`.,Algorithm/core_engine.md,,P14::P14-S029->P14-S031; P15::P15-S033->P15-S035
E0093,FINALIZE_TERMINAL_OUTCOME,FILING_GATE,control_flow_dependency,Adjacent in `RUN_ENGINE(...)` phase `P09` between steps `P09-S051` and `P09-S057`. Adjacent in `RUN_ENGINE(...)` phase `P15` between steps `P15-S018` and `P15-S021`.,Algorithm/core_engine.md,,P09::P09-S051->P09-S057; P15::P15-S018->P15-S021
E0094,FINALIZE_TERMINAL_OUTCOME,RESOLVE_FILING_NOTICES,control_flow_dependency,Adjacent in `RUN_ENGINE(...)` phase `P15` between steps `P15-S090` and `P15-S092`.,Algorithm/core_engine.md,,P15::P15-S090->P15-S092
E0095,FINALIZE_TERMINAL_OUTCOME,SELECT_PRIMARY_PROOF_BUNDLE_REF,control_flow_dependency,Adjacent in `RUN_ENGINE(...)` phase `P09` between steps `P09-S064` and `P09-S065`. Adjacent in `RUN_ENGINE(...)` phase `P13` between steps `P13-S031` and `P13-S033`. Adjacent in `RUN_ENGINE(...)` phase `P14` between steps `P14-S019` and `P14-S021`. Adjacent in `RUN_ENGINE(...)` phase `P14` between steps `P14-S023` and `P14-S025`. Adjacent in `RUN_ENGINE(...)` phase `P14` between steps `P14-S026` and `P14-S028`. Adjacent in `RUN_ENGINE(...)` phase `P15` between steps `P15-S087` and `P15-S089`. Adjacent in `RUN_ENGINE(...)` phase `P16` between steps `P16-S040` and `P16-S042`.,Algorithm/core_engine.md,,P09::P09-S064->P09-S065; P13::P13-S031->P13-S033; P14::P14-S019->P14-S021; P14::P14-S023->P14-S025; P14::P14-S026->P14-S028; P15::P15-S087->P15-S089; P16::P16-S040->P16-S042
E0096,FINALIZE_TERMINAL_OUTCOME,UPSERT_AMENDMENT_CASE,control_flow_dependency,Adjacent in `RUN_ENGINE(...)` phase `P16` between steps `P16-S043` and `P16-S046`.,Algorithm/core_engine.md,,P16::P16-S043->P16-S046
E0097,FINALIZE_TERMINAL_OUTCOME,WRITE_ARTIFACT,control_flow_dependency,Adjacent in `RUN_ENGINE(...)` phase `P05` between steps `P05-S027` and `P05-S029`.,Algorithm/core_engine.md,,P05::P05-S027->P05-S029
E0098,FREEZE_COLLECTION_BOUNDARY,MATERIALIZE_SOURCE_WINDOW,control_flow_dependency,Adjacent in `RUN_ENGINE(...)` phase `P04` between steps `P04-S052` and `P04-S053`.,Algorithm/core_engine.md,,P04::P04-S052->P04-S053
E0099,FREEZE_CONFIG,UPDATE_MANIFEST_PRESEAL_CONTEXT,control_flow_dependency,Adjacent in `RUN_ENGINE(...)` phase `P03` between steps `P03-S016` and `P03-S021`.,Algorithm/core_engine.md,,P03::P03-S016->P03-S021
E0100,FREEZE_INPUT_SET,VALIDATE_ARTIFACT,control_flow_dependency,Adjacent in `RUN_ENGINE(...)` phase `P04` between steps `P04-S103` and `P04-S104`.,Algorithm/core_engine.md,,P04::P04-S103->P04-S104
E0101,FREEZE_NORMALIZATION_CONTEXT,BUILD_SNAPSHOT,control_flow_dependency,Adjacent in `RUN_ENGINE(...)` phase `P04` between steps `P04-S091` and `P04-S092`.,Algorithm/core_engine.md,,P04::P04-S091->P04-S092
E0102,INPUT_BOUNDARY_GATE,DATA_QUALITY_GATE,control_flow_dependency,Adjacent in `RUN_ENGINE(...)` phase `P05` between steps `P05-S018` and `P05-S019`.,Algorithm/core_engine.md,,P05::P05-S018->P05-S019
E0103,LOAD_AMENDMENT_CASE,FINALIZE_RUN_FAILURE,control_flow_dependency,Adjacent in `RUN_ENGINE(...)` phase `P10` between steps `P10-S027` and `P10-S028`.,Algorithm/core_engine.md,,P10::P10-S027->P10-S028
E0104,LOAD_AND_VALIDATE_PRIOR_MANIFEST_CONTEXT,DECIDE_MANIFEST_REUSE_STRATEGY,control_flow_dependency,Adjacent in `RUN_ENGINE(...)` phase `P02` between steps `P02-S011` and `P02-S015`.,Algorithm/core_engine.md,,P02::P02-S011->P02-S015
E0105,LOAD_EXISTING_DECISION_BUNDLE,RECORD_EVENT,control_flow_dependency,Adjacent in `RUN_ENGINE(...)` phase `P06` between steps `P06-S020` and `P06-S023`.,Algorithm/core_engine.md,,P06::P06-S020->P06-S023
E0106,LOAD_EXISTING_DECISION_BUNDLE,RESOLVE_CONFIG_FOR_REQUEST,control_flow_dependency,Adjacent in `RUN_ENGINE(...)` phase `P02` between steps `P02-S018` and `P02-S019`.,Algorithm/core_engine.md,,P02::P02-S018->P02-S019
E0107,LOAD_FROZEN_POST_SEAL_BASIS,RECORD_EVENT,control_flow_dependency,Adjacent in `RUN_ENGINE(...)` phase `P06` between steps `P06-S005` and `P06-S009`.,Algorithm/core_engine.md,,P06::P06-S005->P06-S009
E0108,LOAD_OVERRIDES,FILING_GATE,control_flow_dependency,Adjacent in `RUN_ENGINE(...)` phase `P15` between steps `P15-S004` and `P15-S006`.,Algorithm/core_engine.md,,P15::P15-S004->P15-S006
E0109,LOAD_OVERRIDES,OBLIGATION_STATUS,control_flow_dependency,Adjacent in `RUN_ENGINE(...)` phase `P09` between steps `P09-S057` and `P09-S057`. Adjacent in `RUN_ENGINE(...)` phase `P15` between steps `P15-S006` and `P15-S006`. Adjacent in `RUN_ENGINE(...)` phase `P15` between steps `P15-S021` and `P15-S021`. Adjacent in `RUN_ENGINE(...)` phase `P15` between steps `P15-S039` and `P15-S039`. Adjacent in `RUN_ENGINE(...)` phase `P15` between steps `P15-S072` and `P15-S072`.,Algorithm/core_engine.md,,P09::P09-S057->P09-S057; P15::P15-S006->P15-S006; P15::P15-S021->P15-S021; P15::P15-S039->P15-S039; P15::P15-S072->P15-S072
E0110,LOAD_OVERRIDES,PARITY_GATE,control_flow_dependency,Adjacent in `RUN_ENGINE(...)` phase `P09` between steps `P09-S071` and `P09-S071`.,Algorithm/core_engine.md,,P09::P09-S071->P09-S071
E0111,LOAD_OVERRIDES,SYNTHESIZE_TRUST,control_flow_dependency,Adjacent in `RUN_ENGINE(...)` phase `P11` between steps `P11-S006` and `P11-S006`.,Algorithm/core_engine.md,,P11::P11-S006->P11-S006
E0112,LOAD_SCHEMA_BUNDLE,ARTIFACT_CONTENT_HASH,control_flow_dependency,Adjacent in `RUN_ENGINE(...)` phase `P04` between steps `P04-S099` and `P04-S102`.,Algorithm/core_engine.md,,P04::P04-S099->P04-S102
E0113,LOAD_SEALED_RUN_CONTEXT,RECORD_EVENT,control_flow_dependency,Adjacent in `RUN_ENGINE(...)` phase `P04` between steps `P04-S030` and `P04-S035`.,Algorithm/core_engine.md,,P04::P04-S030->P04-S035
E0114,MANIFEST_GATE,ARTIFACT_CONTRACT_GATE,external_boundary_dependency,Adjacent in `RUN_ENGINE(...)` phase `P05` between steps `P05-S016` and `P05-S017`.,Algorithm/core_engine.md,,P05::P05-S016->P05-S017
E0115,MATERIALIZE_AMENDMENT_WINDOW_CONTEXT,WRITE_ARTIFACT,control_flow_dependency,Adjacent in `RUN_ENGINE(...)` phase `P09` between steps `P09-S023` and `P09-S024`. Adjacent in `RUN_ENGINE(...)` phase `P10` between steps `P10-S018` and `P10-S019`. Adjacent in `RUN_ENGINE(...)` phase `P17` between steps `P17-S016` and `P17-S017`.,Algorithm/core_engine.md,,P09::P09-S023->P09-S024; P10::P10-S018->P10-S019; P17::P17-S016->P17-S017
E0116,MATERIALIZE_SOURCE_WINDOW,RECORD_EVENT,control_flow_dependency,Adjacent in `RUN_ENGINE(...)` phase `P04` between steps `P04-S053` and `P04-S054`.,Algorithm/core_engine.md,,P04::P04-S053->P04-S054
E0117,MEASURE_COMPLETENESS,RECORD_EVENT,control_flow_dependency,Adjacent in `RUN_ENGINE(...)` phase `P04` between steps `P04-S095` and `P04-S096`.,Algorithm/core_engine.md,,P04::P04-S095->P04-S096
E0118,NORMALIZE_AUTHORITY_RESPONSE,SUBMISSION_GATE,external_boundary_dependency,`NORMALIZE_AUTHORITY_RESPONSE` produces or persists `SubmissionRecord` consumed by `SUBMISSION_GATE`.,Algorithm/modules.md::L1984[NORMALIZE_AUTHORITY_RESPONSE_...],SubmissionRecord,
E0119,OBLIGATION_STATUS,WRITE_ARTIFACT,control_flow_dependency,Adjacent in `RUN_ENGINE(...)` phase `P09` between steps `P09-S057` and `P09-S058`. Adjacent in `RUN_ENGINE(...)` phase `P15` between steps `P15-S006` and `P15-S007`. Adjacent in `RUN_ENGINE(...)` phase `P15` between steps `P15-S021` and `P15-S022`. Adjacent in `RUN_ENGINE(...)` phase `P15` between steps `P15-S039` and `P15-S040`. Adjacent in `RUN_ENGINE(...)` phase `P15` between steps `P15-S072` and `P15-S073`.,Algorithm/core_engine.md,,P09::P09-S057->P09-S058; P15::P15-S006->P15-S007; P15::P15-S021->P15-S022; P15::P15-S039->P15-S040; P15::P15-S072->P15-S073
E0120,PARITY_GATE,WRITE_ARTIFACT,control_flow_dependency,Adjacent in `RUN_ENGINE(...)` phase `P09` between steps `P09-S071` and `P09-S072`.,Algorithm/core_engine.md,,P09::P09-S071->P09-S072
E0121,PERSIST_GATE_BATCH,UPDATE_MANIFEST_PRESEAL_CONTEXT,control_flow_dependency,Adjacent in `RUN_ENGINE(...)` phase `P05` between steps `P05-S041` and `P05-S042`.,Algorithm/core_engine.md,,P05::P05-S041->P05-S042
E0122,PERSIST_PRESTART_TERMINAL_CONTEXT,FINALIZE_TERMINAL_OUTCOME,control_flow_dependency,Adjacent in `RUN_ENGINE(...)` phase `P05` between steps `P05-S024` and `P05-S027`.,Algorithm/core_engine.md,,P05::P05-S024->P05-S027
E0123,PERSIST_PRESTART_TERMINAL_CONTEXT,FINALIZE_TERMINAL_OUTCOME,parameter_data_dependency,`FINALIZE_TERMINAL_OUTCOME` references `PERSIST_PRESTART_TERMINAL_CONTEXT` in its module contract body.,Algorithm/modules.md::L772[FINALIZE_TERMINAL_OUTCOME_...],,
E0124,PERSIST_REPLAY_ATTESTATION,FINALIZE_TERMINAL_OUTCOME,parameter_data_dependency,`FINALIZE_TERMINAL_OUTCOME` references `PERSIST_REPLAY_ATTESTATION` in its module contract body.,Algorithm/modules.md::L772[FINALIZE_TERMINAL_OUTCOME_...],,
E0125,PLAN_SOURCE_COLLECTION,FREEZE_COLLECTION_BOUNDARY,control_flow_dependency,Adjacent in `RUN_ENGINE(...)` phase `P04` between steps `P04-S037` and `P04-S052`.,Algorithm/core_engine.md,,P04::P04-S037->P04-S052
E0126,PLAN_WORKFLOW,UPSERT_WORKFLOW_ITEMS,control_flow_dependency,Adjacent in `RUN_ENGINE(...)` phase `P09` between steps `P09-S045` and `P09-S046`. Adjacent in `RUN_ENGINE(...)` phase `P12` between steps `P12-S002` and `P12-S003`. Adjacent in `RUN_ENGINE(...)` phase `P14` between steps `P14-S011` and `P14-S012`. Adjacent in `RUN_ENGINE(...)` phase `P15` between steps `P15-S012` and `P15-S013`. Adjacent in `RUN_ENGINE(...)` phase `P15` between steps `P15-S027` and `P15-S028`. Adjacent in `RUN_ENGINE(...)` phase `P15` between steps `P15-S045` and `P15-S046`. Adjacent in `RUN_ENGINE(...)` phase `P15` between steps `P15-S080` and `P15-S081`. Adjacent in `RUN_ENGINE(...)` phase `P16` between steps `P16-S033` and `P16-S034`.,Algorithm/core_engine.md,,P09::P09-S045->P09-S046; P12::P12-S002->P12-S003; P14::P14-S011->P14-S012; P15::P15-S012->P15-S013; P15::P15-S027->P15-S028; P15::P15-S045->P15-S046; P15::P15-S080->P15-S081; P16::P16-S033->P16-S034
E0127,PROMOTE_CANONICAL_FACTS,BUILD_ARTIFACT_SET,control_flow_dependency,Adjacent in `RUN_ENGINE(...)` phase `P04` between steps `P04-S081` and `P04-S086`.,Algorithm/core_engine.md,,P04::P04-S081->P04-S086
E0128,RECONCILE_AUTHORITY_STATE,RECOVER_SUBMISSION_ATTEMPT,parameter_data_dependency,`RECOVER_SUBMISSION_ATTEMPT` references `RECONCILE_AUTHORITY_STATE` in its module contract body.,Algorithm/modules.md::L1887[RECOVER_SUBMISSION_ATTEMPT_...],,
E0129,RECONCILE_AUTHORITY_STATE,SUBMISSION_GATE,state_transition_dependency,`RECONCILE_AUTHORITY_STATE` produces or persists `SubmissionRecord` consumed by `SUBMISSION_GATE`.,Algorithm/modules.md::L2085[RECONCILE_AUTHORITY_STATE_...],SubmissionRecord,
E0130,RECONCILE_AUTHORITY_STATE,WRITE_ARTIFACT,control_flow_dependency,Adjacent in `RUN_ENGINE(...)` phase `P16` between steps `P16-S070` and `P16-S077`.,Algorithm/core_engine.md,,P16::P16-S070->P16-S077
E0131,RECORD_EVENT,AMENDMENT_GATE,external_boundary_dependency,Adjacent in `RUN_ENGINE(...)` phase `P09` between steps `P09-S037` and `P09-S039`. Adjacent in `RUN_ENGINE(...)` phase `P14` between steps `P14-S004` and `P14-S005`. Adjacent in `RUN_ENGINE(...)` phase `P14` between steps `P14-S042` and `P14-S044`.,Algorithm/core_engine.md,,P09::P09-S037->P09-S039; P14::P14-S004->P14-S005; P14::P14-S042->P14-S044
E0132,RECORD_EVENT,APPEND_MANIFEST_GATES,control_flow_dependency,Adjacent in `RUN_ENGINE(...)` phase `P08` between steps `P08-S003` and `P08-S004`. Adjacent in `RUN_ENGINE(...)` phase `P09` between steps `P09-S041` and `P09-S042`. Adjacent in `RUN_ENGINE(...)` phase `P09` between steps `P09-S059` and `P09-S060`. Adjacent in `RUN_ENGINE(...)` phase `P09` between steps `P09-S073` and `P09-S074`. Adjacent in `RUN_ENGINE(...)` phase `P11` between steps `P11-S011` and `P11-S012`. Adjacent in `RUN_ENGINE(...)` phase `P14` between steps `P14-S007` and `P14-S008`. Adjacent in `RUN_ENGINE(...)` phase `P14` between steps `P14-S046` and `P14-S047`. Adjacent in `RUN_ENGINE(...)` phase `P15` between steps `P15-S008` and `P15-S009`. Adjacent in `RUN_ENGINE(...)` phase `P15` between steps `P15-S023` and `P15-S024`. Adjacent in `RUN_ENGINE(...)` phase `P15` between steps `P15-S041` and `P15-S042`. Adjacent in `RUN_ENGINE(...)` phase `P15` between steps `P15-S074` and `P15-S075`. Adjacent in `RUN_ENGINE(...)` phase `P16` between steps `P16-S029` and `P16-S030`.,Algorithm/core_engine.md,,P08::P08-S003->P08-S004; P09::P09-S041->P09-S042; P09::P09-S059->P09-S060; P09::P09-S073->P09-S074; P11::P11-S011->P11-S012; P14::P14-S007->P14-S008; P14::P14-S046->P14-S047; P15::P15-S008->P15-S009; P15::P15-S023->P15-S024; P15::P15-S041->P15-S042; P15::P15-S074->P15-S075; P16::P16-S029->P16-S030
E0133,RECORD_EVENT,BEGIN_CHILD_MANIFEST,control_flow_dependency,Adjacent in `RUN_ENGINE(...)` phase `P03` between steps `P03-S010` and `P03-S012`.,Algorithm/core_engine.md,,P03::P03-S010->P03-S012
E0134,RECORD_EVENT,BEGIN_SUBMISSION_RECORD,external_boundary_dependency,Adjacent in `RUN_ENGINE(...)` phase `P16` between steps `P16-S048` and `P16-S051`.,Algorithm/core_engine.md,,P16::P16-S048->P16-S051
E0135,RECORD_EVENT,BUILD_DRIFT_DELTA_VECTOR,control_flow_dependency,Adjacent in `RUN_ENGINE(...)` phase `P09` between steps `P09-S011` and `P09-S012`. Adjacent in `RUN_ENGINE(...)` phase `P10` between steps `P10-S006` and `P10-S007`. Adjacent in `RUN_ENGINE(...)` phase `P17` between steps `P17-S004` and `P17-S005`.,Algorithm/core_engine.md,,P09::P09-S011->P09-S012; P10::P10-S006->P10-S007; P17::P17-S004->P17-S005
E0136,RECORD_EVENT,COLLECTION_LATE_DATA_BINDINGS,control_flow_dependency,Adjacent in `RUN_ENGINE(...)` phase `P07` between steps `P07-S022` and `P07-S032`.,Algorithm/core_engine.md,,P07::P07-S022->P07-S032
E0137,RECORD_EVENT,DETECT_DRIFT,control_flow_dependency,Adjacent in `RUN_ENGINE(...)` phase `P09` between steps `P09-S016` and `P09-S017`. Adjacent in `RUN_ENGINE(...)` phase `P10` between steps `P10-S011` and `P10-S012`. Adjacent in `RUN_ENGINE(...)` phase `P17` between steps `P17-S009` and `P17-S010`.,Algorithm/core_engine.md,,P09::P09-S016->P09-S017; P10::P10-S011->P10-S012; P17::P17-S009->P17-S010
E0138,RECORD_EVENT,EMIT_WORKFLOW_ITEM,control_flow_dependency,Adjacent in `RUN_ENGINE(...)` phase `P16` between steps `P16-S081` and `P16-S084`.,Algorithm/core_engine.md,,P16::P16-S081->P16-S084
E0139,RECORD_EVENT,EVALUATE_AMENDMENT_ELIGIBILITY,control_flow_dependency,Adjacent in `RUN_ENGINE(...)` phase `P09` between steps `P09-S025` and `P09-S026`. Adjacent in `RUN_ENGINE(...)` phase `P10` between steps `P10-S020` and `P10-S021`. Adjacent in `RUN_ENGINE(...)` phase `P17` between steps `P17-S018` and `P17-S019`.,Algorithm/core_engine.md,,P09::P09-S025->P09-S026; P10::P10-S020->P10-S021; P17::P17-S018->P17-S019
E0140,RECORD_EVENT,EXISTING_SUBMISSIONS,control_flow_dependency,Adjacent in `RUN_ENGINE(...)` phase `P16` between steps `P16-S024` and `P16-S027`.,Algorithm/core_engine.md,,P16::P16-S024->P16-S027
E0141,RECORD_EVENT,FINALIZE_RUN_FAILURE,control_flow_dependency,Adjacent in `RUN_ENGINE(...)` phase `P05` between steps `P05-S014` and `P05-S015`. Adjacent in `RUN_ENGINE(...)` phase `P05` between steps `P05-S046` and `P05-S049`.,Algorithm/core_engine.md,,P05::P05-S014->P05-S015; P05::P05-S046->P05-S049
E0142,RECORD_EVENT,FINALIZE_TERMINAL_OUTCOME,control_flow_dependency,Adjacent in `RUN_ENGINE(...)` phase `P14` between steps `P14-S022` and `P14-S023`.,Algorithm/core_engine.md,,P14::P14-S022->P14-S023
E0143,RECORD_EVENT,FREEZE_CONFIG,control_flow_dependency,Adjacent in `RUN_ENGINE(...)` phase `P03` between steps `P03-S014` and `P03-S016`.,Algorithm/core_engine.md,,P03::P03-S014->P03-S016
E0144,RECORD_EVENT,LOAD_EXISTING_DECISION_BUNDLE,control_flow_dependency,Adjacent in `RUN_ENGINE(...)` phase `P02` between steps `P02-S017` and `P02-S018`. Adjacent in `RUN_ENGINE(...)` phase `P06` between steps `P06-S019` and `P06-S020`.,Algorithm/core_engine.md,,P02::P02-S017->P02-S018; P06::P06-S019->P06-S020
E0145,RECORD_EVENT,LOAD_OVERRIDES,control_flow_dependency,Adjacent in `RUN_ENGINE(...)` phase `P09` between steps `P09-S070` and `P09-S071`.,Algorithm/core_engine.md,,P09::P09-S070->P09-S071
E0146,RECORD_EVENT,LOAD_SCHEMA_BUNDLE,control_flow_dependency,Adjacent in `RUN_ENGINE(...)` phase `P04` between steps `P04-S096` and `P04-S099`.,Algorithm/core_engine.md,,P04::P04-S096->P04-S099
E0147,RECORD_EVENT,LOAD_SEALED_RUN_CONTEXT,control_flow_dependency,Adjacent in `RUN_ENGINE(...)` phase `P04` between steps `P04-S026` and `P04-S030`.,Algorithm/core_engine.md,,P04::P04-S026->P04-S030
E0148,RECORD_EVENT,MATERIALIZE_AMENDMENT_WINDOW_CONTEXT,control_flow_dependency,Adjacent in `RUN_ENGINE(...)` phase `P09` between steps `P09-S022` and `P09-S023`. Adjacent in `RUN_ENGINE(...)` phase `P10` between steps `P10-S017` and `P10-S018`. Adjacent in `RUN_ENGINE(...)` phase `P17` between steps `P17-S015` and `P17-S016`.,Algorithm/core_engine.md,,P09::P09-S022->P09-S023; P10::P10-S017->P10-S018; P17::P17-S015->P17-S016
E0149,RECORD_EVENT,PLAN_SOURCE_COLLECTION,control_flow_dependency,Adjacent in `RUN_ENGINE(...)` phase `P04` between steps `P04-S035` and `P04-S037`.,Algorithm/core_engine.md,,P04::P04-S035->P04-S037
E0150,RECORD_EVENT,PROMOTE_CANONICAL_FACTS,control_flow_dependency,Adjacent in `RUN_ENGINE(...)` phase `P04` between steps `P04-S061` and `P04-S081`.,Algorithm/core_engine.md,,P04::P04-S061->P04-S081
E0151,RECORD_EVENT,RECONCILE_AUTHORITY_STATE,control_flow_dependency,Adjacent in `RUN_ENGINE(...)` phase `P16` between steps `P16-S061` and `P16-S070`.,Algorithm/core_engine.md,,P16::P16-S061->P16-S070
E0152,RECORD_EVENT,RESOLVE_AUTHORITY_BINDING,control_flow_dependency,Adjacent in `RUN_ENGINE(...)` phase `P16` between steps `P16-S017` and `P16-S018`.,Algorithm/core_engine.md,,P16::P16-S017->P16-S018
E0153,RECORD_EVENT,RESOLVE_AUTHORITY_OPERATION,control_flow_dependency,Adjacent in `RUN_ENGINE(...)` phase `P16` between steps `P16-S013` and `P16-S015`.,Algorithm/core_engine.md,,P16::P16-S013->P16-S015
E0154,RECORD_EVENT,SEED,control_flow_dependency,Adjacent in `RUN_ENGINE(...)` phase `P06` between steps `P06-S009` and `P06-S012`.,Algorithm/core_engine.md,,P06::P06-S009->P06-S012
E0155,RECORD_EVENT,SELECT_PRIMARY_PROOF_BUNDLE_REF,control_flow_dependency,Adjacent in `RUN_ENGINE(...)` phase `P07` between steps `P07-S036` and `P07-S038`. Adjacent in `RUN_ENGINE(...)` phase `P09` between steps `P09-S048` and `P09-S050`. Adjacent in `RUN_ENGINE(...)` phase `P14` between steps `P14-S014` and `P14-S018`. Adjacent in `RUN_ENGINE(...)` phase `P14` between steps `P14-S058` and `P14-S059`. Adjacent in `RUN_ENGINE(...)` phase `P15` between steps `P15-S015` and `P15-S017`. Adjacent in `RUN_ENGINE(...)` phase `P15` between steps `P15-S030` and `P15-S032`. Adjacent in `RUN_ENGINE(...)` phase `P15` between steps `P15-S048` and `P15-S050`. Adjacent in `RUN_ENGINE(...)` phase `P15` between steps `P15-S083` and `P15-S086`. Adjacent in `RUN_ENGINE(...)` phase `P16` between steps `P16-S036` and `P16-S039`.,Algorithm/core_engine.md,,P07::P07-S036->P07-S038; P09::P09-S048->P09-S050; P14::P14-S014->P14-S018; P14::P14-S058->P14-S059; P15::P15-S015->P15-S017; P15::P15-S030->P15-S032; P15::P15-S048->P15-S050; P15::P15-S083->P15-S086; P16::P16-S036->P16-S039
E0156,RECORD_EVENT,TRUST_GATE,control_flow_dependency,Adjacent in `RUN_ENGINE(...)` phase `P11` between steps `P11-S008` and `P11-S009`.,Algorithm/core_engine.md,,P11::P11-S008->P11-S009
E0157,RECORD_EVENT,UPDATE_MANIFEST_OUTPUTS,control_flow_dependency,Adjacent in `RUN_ENGINE(...)` phase `P10` between steps `P10-S023` and `P10-S024`. Adjacent in `RUN_ENGINE(...)` phase `P13` between steps `P13-S013` and `P13-S014`. Adjacent in `RUN_ENGINE(...)` phase `P17` between steps `P17-S023` and `P17-S024`.,Algorithm/core_engine.md,,P10::P10-S023->P10-S024; P13::P13-S013->P13-S014; P17::P17-S023->P17-S024
E0158,RECORD_EVENT,UPSERT_AMENDMENT_CASE,control_flow_dependency,Adjacent in `RUN_ENGINE(...)` phase `P16` between steps `P16-S116` and `P16-S121`.,Algorithm/core_engine.md,,P16::P16-S116->P16-S121
E0159,RECORD_EVENT,UPSERT_FILING_CASE,control_flow_dependency,Adjacent in `RUN_ENGINE(...)` phase `P15` between steps `P15-S068` and `P15-S070`.,Algorithm/core_engine.md,,P15::P15-S068->P15-S070
E0160,RECORD_EVENT,VALIDATE,control_flow_dependency,Adjacent in `RUN_ENGINE(...)` phase `P04` between steps `P04-S093` and `P04-S094`.,Algorithm/core_engine.md,,P04::P04-S093->P04-S094
E0161,RECORD_EVENT,VALIDATE_MANIFEST_LINEAGE_PROJECTION,control_flow_dependency,Adjacent in `RUN_ENGINE(...)` phase `P03` between steps `P03-S025` and `P03-S026`.,Algorithm/core_engine.md,,P03::P03-S025->P03-S026
E0162,RECORD_EVENT,VALIDATE_REUSE_SEALED_CONTEXT,control_flow_dependency,Adjacent in `RUN_ENGINE(...)` phase `P03` between steps `P03-S004` and `P03-S006`.,Algorithm/core_engine.md,,P03::P03-S004->P03-S006
E0163,RECORD_EVENT,WRITE_ARTIFACT,control_flow_dependency,Adjacent in `RUN_ENGINE(...)` phase `P16` between steps `P16-S101` and `P16-S102`.,Algorithm/core_engine.md,,P16::P16-S101->P16-S102
E0164,RECOVER_SUBMISSION_ATTEMPT,SUBMISSION_GATE,artifact_availability_dependency,`RECOVER_SUBMISSION_ATTEMPT` produces or persists `SubmissionRecord` consumed by `SUBMISSION_GATE`.,Algorithm/modules.md::L1887[RECOVER_SUBMISSION_ATTEMPT_...],SubmissionRecord,
E0165,RESOLVE_AUTHORITY_BINDING,WRITE_ARTIFACT,control_flow_dependency,Adjacent in `RUN_ENGINE(...)` phase `P16` between steps `P16-S018` and `P16-S019`.,Algorithm/core_engine.md,,P16::P16-S018->P16-S019
E0166,RESOLVE_AUTHORITY_OPERATION,WRITE_ARTIFACT,control_flow_dependency,Adjacent in `RUN_ENGINE(...)` phase `P16` between steps `P16-S015` and `P16-S016`.,Algorithm/core_engine.md,,P16::P16-S015->P16-S016
E0167,RESOLVE_CONFIG_FOR_REQUEST,CONTINUATION_REUSES_FROZEN_INPUT,control_flow_dependency,Adjacent in `RUN_ENGINE(...)` phase `P02` between steps `P02-S019` and `P02-S025`.,Algorithm/core_engine.md,,P02::P02-S019->P02-S025
E0168,RESOLVE_FILING_NOTICES,FINALIZE_RUN_FAILURE,control_flow_dependency,Adjacent in `RUN_ENGINE(...)` phase `P15` between steps `P15-S092` and `P15-S095`.,Algorithm/core_engine.md,,P15::P15-S092->P15-S095
E0169,RESOLVE_FILING_NOTICES,SYNTHESIZE_TRUST,parameter_data_dependency,`SYNTHESIZE_TRUST` references `RESOLVE_FILING_NOTICES` in its module contract body.,Algorithm/modules.md::L1337[SYNTHESIZE_TRUST_...],,
E0170,RETENTION_EVIDENCE_GATE,WRITE_ARTIFACT,control_flow_dependency,Adjacent in `RUN_ENGINE(...)` phase `P08` between steps `P08-S001` and `P08-S002`.,Algorithm/core_engine.md,,P08::P08-S001->P08-S002
E0171,RETENTION_TAG,WRITE_ARTIFACT,control_flow_dependency,Adjacent in `RUN_ENGINE(...)` phase `P05` between steps `P05-S040` and `P05-S040`.,Algorithm/core_engine.md,,P05::P05-S040->P05-S040
E0172,SEAL_MANIFEST,TRANSITION_MANIFEST,state_transition_dependency,Adjacent in `RUN_ENGINE(...)` phase `P05` between steps `P05-S043` and `P05-S044`.,Algorithm/core_engine.md,,P05::P05-S043->P05-S044
E0173,SEED,CLAIM_MANIFEST_START,control_flow_dependency,Adjacent in `RUN_ENGINE(...)` phase `P06` between steps `P06-S012` and `P06-S014`.,Algorithm/core_engine.md,,P06::P06-S012->P06-S014
E0174,SELECT_DRIFT_BASELINE,WRITE_ARTIFACT,control_flow_dependency,Adjacent in `RUN_ENGINE(...)` phase `P09` between steps `P09-S009` and `P09-S010`. Adjacent in `RUN_ENGINE(...)` phase `P10` between steps `P10-S004` and `P10-S005`. Adjacent in `RUN_ENGINE(...)` phase `P17` between steps `P17-S002` and `P17-S003`.,Algorithm/core_engine.md,,P09::P09-S009->P09-S010; P10::P10-S004->P10-S005; P17::P17-S002->P17-S003
E0175,SELECT_PRIMARY_PROOF_BUNDLE_REF,FINALIZE_TERMINAL_OUTCOME,control_flow_dependency,Adjacent in `RUN_ENGINE(...)` phase `P09` between steps `P09-S050` and `P09-S051`. Adjacent in `RUN_ENGINE(...)` phase `P09` between steps `P09-S063` and `P09-S064`. Adjacent in `RUN_ENGINE(...)` phase `P09` between steps `P09-S065` and `P09-S066`. Adjacent in `RUN_ENGINE(...)` phase `P13` between steps `P13-S030` and `P13-S031`. Adjacent in `RUN_ENGINE(...)` phase `P13` between steps `P13-S033` and `P13-S034`. Adjacent in `RUN_ENGINE(...)` phase `P14` between steps `P14-S018` and `P14-S019`. Adjacent in `RUN_ENGINE(...)` phase `P14` between steps `P14-S025` and `P14-S026`. Adjacent in `RUN_ENGINE(...)` phase `P14` between steps `P14-S028` and `P14-S029`. Adjacent in `RUN_ENGINE(...)` phase `P14` between steps `P14-S059` and `P14-S060`. Adjacent in `RUN_ENGINE(...)` phase `P15` between steps `P15-S017` and `P15-S018`. Adjacent in `RUN_ENGINE(...)` phase `P15` between steps `P15-S032` and `P15-S033`. Adjacent in `RUN_ENGINE(...)` phase `P15` between steps `P15-S050` and `P15-S051`. Adjacent in `RUN_ENGINE(...)` phase `P15` between steps `P15-S086` and `P15-S087`. Adjacent in `RUN_ENGINE(...)` phase `P15` between steps `P15-S089` and `P15-S090`. Adjacent in `RUN_ENGINE(...)` phase `P16` between steps `P16-S039` and `P16-S040`. Adjacent in `RUN_ENGINE(...)` phase `P16` between steps `P16-S042` and `P16-S043`. Adjacent in `RUN_ENGINE(...)` phase `P18` between steps `P18-S032` and `P18-S033`.,Algorithm/core_engine.md,,P09::P09-S050->P09-S051; P09::P09-S063->P09-S064; P09::P09-S065->P09-S066; P13::P13-S030->P13-S031; P13::P13-S033->P13-S034; P14::P14-S018->P14-S019; P14::P14-S025->P14-S026; P14::P14-S028->P14-S029; P14::P14-S059->P14-S060; P15::P15-S017->P15-S018; P15::P15-S032->P15-S033; P15::P15-S050->P15-S051; P15::P15-S086->P15-S087; P15::P15-S089->P15-S090; P16::P16-S039->P16-S040; P16::P16-S042->P16-S043; P18::P18-S032->P18-S033
E0176,SELECT_PRIMARY_PROOF_BUNDLE_REF,RECORD_EVENT,control_flow_dependency,Adjacent in `RUN_ENGINE(...)` phase `P14` between steps `P14-S021` and `P14-S022`.,Algorithm/core_engine.md,,P14::P14-S021->P14-S022
E0177,SELECT_PRIMARY_PROOF_BUNDLE_REF,UPDATE_MANIFEST_OUTPUTS,control_flow_dependency,Adjacent in `RUN_ENGINE(...)` phase `P07` between steps `P07-S038` and `P07-S038`.,Algorithm/core_engine.md,,P07::P07-S038->P07-S038
E0178,SIMULATE_GOVERNANCE_MUTATION,APPROVAL_STATE,parameter_data_dependency,`APPROVAL_STATE` references `SIMULATE_GOVERNANCE_MUTATION` in its module contract body.,Algorithm/modules.md::L1230[APPROVAL_STATE_...],,
E0179,SUBMISSION_GATE,WRITE_ARTIFACT,control_flow_dependency,Adjacent in `RUN_ENGINE(...)` phase `P16` between steps `P16-S027` and `P16-S028`.,Algorithm/core_engine.md,,P16::P16-S027->P16-S028
E0180,SUMMARIZE_TWIN_MISMATCHES,BUILD_TWIN_PORTFOLIO_SUMMARY,artifact_availability_dependency,`SUMMARIZE_TWIN_MISMATCHES` produces or persists `TwinMismatchSummary` consumed by `BUILD_TWIN_PORTFOLIO_SUMMARY`.,Algorithm/modules.md::L1521[SUMMARIZE_TWIN_MISMATCHES_...],TwinMismatchSummary,
E0181,SUMMARIZE_TWIN_MISMATCHES,DERIVE_TWIN_READINESS,artifact_availability_dependency,`SUMMARIZE_TWIN_MISMATCHES` produces or persists `TwinMismatchSummary` consumed by `DERIVE_TWIN_READINESS`. `SUMMARIZE_TWIN_MISMATCHES` produces or persists `TwinDeltaArc` consumed by `DERIVE_TWIN_READINESS`.,Algorithm/modules.md::L1521[SUMMARIZE_TWIN_MISMATCHES_...],TwinMismatchSummary; TwinDeltaArc,
E0182,SUMMARIZE_TWIN_MISMATCHES,PLAN_TWIN_RECONCILIATION,artifact_availability_dependency,`SUMMARIZE_TWIN_MISMATCHES` produces or persists `TwinDeltaArc` consumed by `PLAN_TWIN_RECONCILIATION`.,Algorithm/modules.md::L1521[SUMMARIZE_TWIN_MISMATCHES_...],TwinDeltaArc,
E0183,SYNTHESIZE_TRUST,WRITE_ARTIFACT,control_flow_dependency,Adjacent in `RUN_ENGINE(...)` phase `P11` between steps `P11-S006` and `P11-S007`.,Algorithm/core_engine.md,,P11::P11-S006->P11-S007
E0184,TRANSITION_FILING_PACKET,WRITE_ARTIFACT,control_flow_dependency,Adjacent in `RUN_ENGINE(...)` phase `P16` between steps `P16-S056` and `P16-S057`.,Algorithm/core_engine.md,,P16::P16-S056->P16-S057
E0185,TRANSITION_MANIFEST,RECORD_EVENT,control_flow_dependency,Adjacent in `RUN_ENGINE(...)` phase `P05` between steps `P05-S013` and `P05-S014`. Adjacent in `RUN_ENGINE(...)` phase `P05` between steps `P05-S044` and `P05-S046`.,Algorithm/core_engine.md,,P05::P05-S013->P05-S014; P05::P05-S044->P05-S046
E0186,TRANSITION_SUBMISSION_RECORD,SUBMISSION_GATE,state_transition_dependency,`TRANSITION_SUBMISSION_RECORD` produces or persists `SubmissionRecord` consumed by `SUBMISSION_GATE`.,Algorithm/modules.md::L1874[TRANSITION_SUBMISSION_RECORD_...],SubmissionRecord,
E0187,TRANSITION_SUBMISSION_RECORD,WRITE_ARTIFACT,control_flow_dependency,Adjacent in `RUN_ENGINE(...)` phase `P16` between steps `P16-S052` and `P16-S053`.,Algorithm/core_engine.md,,P16::P16-S052->P16-S053
E0188,TRUST_GATE,WRITE_ARTIFACT,control_flow_dependency,Adjacent in `RUN_ENGINE(...)` phase `P11` between steps `P11-S009` and `P11-S010`.,Algorithm/core_engine.md,,P11::P11-S009->P11-S010
E0189,UPDATE_MANIFEST_OUTPUTS,APPROVE_FILING_PACKET,control_flow_dependency,Adjacent in `RUN_ENGINE(...)` phase `P15` between steps `P15-S100` and `P15-S101`.,Algorithm/core_engine.md,,P15::P15-S100->P15-S101
E0190,UPDATE_MANIFEST_OUTPUTS,BUILD_LIVE_EXPERIENCE_FRAME,control_flow_dependency,Adjacent in `RUN_ENGINE(...)` phase `P13` between steps `P13-S014` and `P13-S024`.,Algorithm/core_engine.md,,P13::P13-S014->P13-S024
E0191,UPDATE_MANIFEST_OUTPUTS,EMIT_WORKFLOW_ITEM,control_flow_dependency,Adjacent in `RUN_ENGINE(...)` phase `P16` between steps `P16-S078` and `P16-S079`. Adjacent in `RUN_ENGINE(...)` phase `P17` between steps `P17-S024` and `P17-S027`.,Algorithm/core_engine.md,,P16::P16-S078->P16-S079; P17::P17-S024->P17-S027
E0192,UPDATE_MANIFEST_OUTPUTS,FILING_GATE,control_flow_dependency,Adjacent in `RUN_ENGINE(...)` phase `P15` between steps `P15-S037` and `P15-S039`. Adjacent in `RUN_ENGINE(...)` phase `P15` between steps `P15-S071` and `P15-S072`.,Algorithm/core_engine.md,,P15::P15-S037->P15-S039; P15::P15-S071->P15-S072
E0193,UPDATE_MANIFEST_OUTPUTS,LOAD_AMENDMENT_CASE,control_flow_dependency,Adjacent in `RUN_ENGINE(...)` phase `P10` between steps `P10-S024` and `P10-S027`.,Algorithm/core_engine.md,,P10::P10-S024->P10-S027
E0194,UPDATE_MANIFEST_OUTPUTS,RECORD_EVENT,control_flow_dependency,Adjacent in `RUN_ENGINE(...)` phase `P09` between steps `P09-S036` and `P09-S037`. Adjacent in `RUN_ENGINE(...)` phase `P14` between steps `P14-S041` and `P14-S042`. Adjacent in `RUN_ENGINE(...)` phase `P14` between steps `P14-S053` and `P14-S054`. Adjacent in `RUN_ENGINE(...)` phase `P16` between steps `P16-S012` and `P16-S013`. Adjacent in `RUN_ENGINE(...)` phase `P16` between steps `P16-S047` and `P16-S048`. Adjacent in `RUN_ENGINE(...)` phase `P16` between steps `P16-S059` and `P16-S061`. Adjacent in `RUN_ENGINE(...)` phase `P16` between steps `P16-S109` and `P16-S116`.,Algorithm/core_engine.md,,P09::P09-S036->P09-S037; P14::P14-S041->P14-S042; P14::P14-S053->P14-S054; P16::P16-S012->P16-S013; P16::P16-S047->P16-S048; P16::P16-S059->P16-S061; P16::P16-S109->P16-S116
E0195,UPDATE_MANIFEST_OUTPUTS,TRANSITION_FILING_PACKET,control_flow_dependency,Adjacent in `RUN_ENGINE(...)` phase `P16` between steps `P16-S054` and `P16-S056`.,Algorithm/core_engine.md,,P16::P16-S054->P16-S056
E0196,UPDATE_MANIFEST_OUTPUTS,UPSERT_FILING_CASE,control_flow_dependency,Adjacent in `RUN_ENGINE(...)` phase `P16` between steps `P16-S107` and `P16-S108`.,Algorithm/core_engine.md,,P16::P16-S107->P16-S108
E0197,UPDATE_MANIFEST_PRESEAL_CONTEXT,RECORD_EVENT,control_flow_dependency,Adjacent in `RUN_ENGINE(...)` phase `P03` between steps `P03-S021` and `P03-S023`.,Algorithm/core_engine.md,,P03::P03-S021->P03-S023
E0198,UPDATE_MANIFEST_PRESEAL_CONTEXT,SEAL_MANIFEST,state_transition_dependency,Adjacent in `RUN_ENGINE(...)` phase `P05` between steps `P05-S042` and `P05-S043`.,Algorithm/core_engine.md,,P05::P05-S042->P05-S043
E0199,UPSERT_AMENDMENT_CASE,RECORD_EVENT,control_flow_dependency,Adjacent in `RUN_ENGINE(...)` phase `P10` between steps `P10-S022` and `P10-S023`. Adjacent in `RUN_ENGINE(...)` phase `P17` between steps `P17-S020` and `P17-S022`.,Algorithm/core_engine.md,,P10::P10-S022->P10-S023; P17::P17-S020->P17-S022
E0200,UPSERT_AMENDMENT_CASE,UPDATE_MANIFEST_OUTPUTS,control_flow_dependency,Adjacent in `RUN_ENGINE(...)` phase `P09` between steps `P09-S035` and `P09-S036`. Adjacent in `RUN_ENGINE(...)` phase `P14` between steps `P14-S040` and `P14-S041`. Adjacent in `RUN_ENGINE(...)` phase `P14` between steps `P14-S052` and `P14-S053`. Adjacent in `RUN_ENGINE(...)` phase `P16` between steps `P16-S046` and `P16-S047`. Adjacent in `RUN_ENGINE(...)` phase `P16` between steps `P16-S121` and `P16-S122`.,Algorithm/core_engine.md,,P09::P09-S035->P09-S036; P14::P14-S040->P14-S041; P14::P14-S052->P14-S053; P16::P16-S046->P16-S047; P16::P16-S121->P16-S122
E0201,UPSERT_FILING_CASE,UPDATE_MANIFEST_OUTPUTS,control_flow_dependency,Adjacent in `RUN_ENGINE(...)` phase `P11` between steps `P11-S014` and `P11-S015`. Adjacent in `RUN_ENGINE(...)` phase `P15` between steps `P15-S036` and `P15-S037`. Adjacent in `RUN_ENGINE(...)` phase `P15` between steps `P15-S070` and `P15-S071`. Adjacent in `RUN_ENGINE(...)` phase `P15` between steps `P15-S103` and `P15-S104`. Adjacent in `RUN_ENGINE(...)` phase `P16` between steps `P16-S058` and `P16-S059`. Adjacent in `RUN_ENGINE(...)` phase `P16` between steps `P16-S108` and `P16-S109`.,Algorithm/core_engine.md,,P11::P11-S014->P11-S015; P15::P15-S036->P15-S037; P15::P15-S070->P15-S071; P15::P15-S103->P15-S104; P16::P16-S058->P16-S059; P16::P16-S108->P16-S109
E0202,UPSERT_OBLIGATION_MIRROR,UPDATE_MANIFEST_OUTPUTS,control_flow_dependency,Adjacent in `RUN_ENGINE(...)` phase `P16` between steps `P16-S106` and `P16-S107`.,Algorithm/core_engine.md,,P16::P16-S106->P16-S107
E0203,UPSERT_WORKFLOW_ITEMS,RECORD_EVENT,control_flow_dependency,Adjacent in `RUN_ENGINE(...)` phase `P09` between steps `P09-S046` and `P09-S048`. Adjacent in `RUN_ENGINE(...)` phase `P12` between steps `P12-S003` and `P12-S009`. Adjacent in `RUN_ENGINE(...)` phase `P14` between steps `P14-S012` and `P14-S014`. Adjacent in `RUN_ENGINE(...)` phase `P15` between steps `P15-S013` and `P15-S015`. Adjacent in `RUN_ENGINE(...)` phase `P15` between steps `P15-S028` and `P15-S030`. Adjacent in `RUN_ENGINE(...)` phase `P15` between steps `P15-S046` and `P15-S048`. Adjacent in `RUN_ENGINE(...)` phase `P15` between steps `P15-S081` and `P15-S083`. Adjacent in `RUN_ENGINE(...)` phase `P16` between steps `P16-S034` and `P16-S036`.,Algorithm/core_engine.md,,P09::P09-S046->P09-S048; P12::P12-S003->P12-S009; P14::P14-S012->P14-S014; P15::P15-S013->P15-S015; P15::P15-S028->P15-S030; P15::P15-S046->P15-S048; P15::P15-S081->P15-S083; P16::P16-S034->P16-S036
E0204,VALIDATE,MEASURE_COMPLETENESS,control_flow_dependency,Adjacent in `RUN_ENGINE(...)` phase `P04` between steps `P04-S094` and `P04-S095`.,Algorithm/core_engine.md,,P04::P04-S094->P04-S095
E0205,VALIDATE_AMENDMENT_READINESS_FRESHNESS,RECORD_EVENT,control_flow_dependency,Adjacent in `RUN_ENGINE(...)` phase `P14` between steps `P14-S002` and `P14-S004`.,Algorithm/core_engine.md,,P14::P14-S002->P14-S004
E0206,VALIDATE_ARTIFACT,COMPUTE_EXECUTION_BASIS_HASH,control_flow_dependency,Adjacent in `RUN_ENGINE(...)` phase `P04` between steps `P04-S104` and `P04-S114`.,Algorithm/core_engine.md,,P04::P04-S104->P04-S114
E0207,VALIDATE_MANIFEST_LINEAGE_PROJECTION,RECORD_EVENT,control_flow_dependency,Adjacent in `RUN_ENGINE(...)` phase `P03` between steps `P03-S026` and `P03-S038`.,Algorithm/core_engine.md,,P03::P03-S026->P03-S038
E0208,VALIDATE_REPLAY_PRECONDITIONS,RECORD_EVENT,control_flow_dependency,Adjacent in `RUN_ENGINE(...)` phase `P04` between steps `P04-S023` and `P04-S026`.,Algorithm/core_engine.md,,P04::P04-S023->P04-S026
E0209,VALIDATE_REUSE_SEALED_CONTEXT,RECORD_EVENT,control_flow_dependency,Adjacent in `RUN_ENGINE(...)` phase `P03` between steps `P03-S006` and `P03-S010`.,Algorithm/core_engine.md,,P03::P03-S006->P03-S010
E0210,VALIDATE_SCOPE_GRAMMAR,LOAD_AND_VALIDATE_PRIOR_MANIFEST_CONTEXT,control_flow_dependency,Adjacent in `RUN_ENGINE(...)` phase `P02` between steps `P02-S008` and `P02-S011`.,Algorithm/core_engine.md,,P02::P02-S008->P02-S011
E0211,WRITE_ARTIFACT,CANONICALIZE_AUTHORITY_REQUEST,external_boundary_dependency,Adjacent in `RUN_ENGINE(...)` phase `P16` between steps `P16-S019` and `P16-S020`.,Algorithm/core_engine.md,,P16::P16-S019->P16-S020
E0212,WRITE_ARTIFACT,PERSIST_GATE_BATCH,control_flow_dependency,Adjacent in `RUN_ENGINE(...)` phase `P05` between steps `P05-S040` and `P05-S041`.,Algorithm/core_engine.md,,P05::P05-S040->P05-S041
E0213,WRITE_ARTIFACT,PLAN_WORKFLOW,control_flow_dependency,Adjacent in `RUN_ENGINE(...)` phase `P15` between steps `P15-S078` and `P15-S080`.,Algorithm/core_engine.md,,P15::P15-S078->P15-S080
E0214,WRITE_ARTIFACT,RECORD_EVENT,control_flow_dependency,Adjacent in `RUN_ENGINE(...)` phase `P08` between steps `P08-S002` and `P08-S003`. Adjacent in `RUN_ENGINE(...)` phase `P09` between steps `P09-S010` and `P09-S011`. Adjacent in `RUN_ENGINE(...)` phase `P09` between steps `P09-S015` and `P09-S016`. Adjacent in `RUN_ENGINE(...)` phase `P09` between steps `P09-S018` and `P09-S020`. Adjacent in `RUN_ENGINE(...)` phase `P09` between steps `P09-S024` and `P09-S025`. Adjacent in `RUN_ENGINE(...)` phase `P09` between steps `P09-S040` and `P09-S041`. Adjacent in `RUN_ENGINE(...)` phase `P09` between steps `P09-S058` and `P09-S059`. Adjacent in `RUN_ENGINE(...)` phase `P09` between steps `P09-S069` and `P09-S070`. Adjacent in `RUN_ENGINE(...)` phase `P09` between steps `P09-S072` and `P09-S073`. Adjacent in `RUN_ENGINE(...)` phase `P10` between steps `P10-S005` and `P10-S006`. Adjacent in `RUN_ENGINE(...)` phase `P10` between steps `P10-S010` and `P10-S011`. Adjacent in `RUN_ENGINE(...)` phase `P10` between steps `P10-S013` and `P10-S015`. Adjacent in `RUN_ENGINE(...)` phase `P10` between steps `P10-S019` and `P10-S020`. Adjacent in `RUN_ENGINE(...)` phase `P11` between steps `P11-S007` and `P11-S008`. Adjacent in `RUN_ENGINE(...)` phase `P11` between steps `P11-S010` and `P11-S011`. Adjacent in `RUN_ENGINE(...)` phase `P14` between steps `P14-S006` and `P14-S007`. Adjacent in `RUN_ENGINE(...)` phase `P14` between steps `P14-S045` and `P14-S046`. Adjacent in `RUN_ENGINE(...)` phase `P15` between steps `P15-S007` and `P15-S008`. Adjacent in `RUN_ENGINE(...)` phase `P15` between steps `P15-S022` and `P15-S023`. Adjacent in `RUN_ENGINE(...)` phase `P15` between steps `P15-S040` and `P15-S041`. Adjacent in `RUN_ENGINE(...)` phase `P15` between steps `P15-S067` and `P15-S068`. Adjacent in `RUN_ENGINE(...)` phase `P15` between steps `P15-S073` and `P15-S074`. Adjacent in `RUN_ENGINE(...)` phase `P16` between steps `P16-S016` and `P16-S017`. Adjacent in `RUN_ENGINE(...)` phase `P16` between steps `P16-S023` and `P16-S024`. Adjacent in `RUN_ENGINE(...)` phase `P16` between steps `P16-S028` and `P16-S029`. Adjacent in `RUN_ENGINE(...)` phase `P17` between steps `P17-S003` and `P17-S004`. Adjacent in `RUN_ENGINE(...)` phase `P17` between steps `P17-S008` and `P17-S009`. Adjacent in `RUN_ENGINE(...)` phase `P17` between steps `P17-S011` and `P17-S013`. Adjacent in `RUN_ENGINE(...)` phase `P17` between steps `P17-S017` and `P17-S018`.,Algorithm/core_engine.md,,P08::P08-S002->P08-S003; P09::P09-S010->P09-S011; P09::P09-S015->P09-S016; P09::P09-S018->P09-S020; P09::P09-S024->P09-S025; P09::P09-S040->P09-S041; P09::P09-S058->P09-S059; P09::P09-S069->P09-S070; P09::P09-S072->P09-S073; P10::P10-S005->P10-S006; P10::P10-S010->P10-S011; P10::P10-S013->P10-S015; P10::P10-S019->P10-S020; P11::P11-S007->P11-S008; P11::P11-S010->P11-S011; P14::P14-S006->P14-S007; P14::P14-S045->P14-S046; P15::P15-S007->P15-S008; P15::P15-S022->P15-S023; P15::P15-S040->P15-S041; P15::P15-S067->P15-S068; P15::P15-S073->P15-S074; P16::P16-S016->P16-S017; P16::P16-S023->P16-S024; P16::P16-S028->P16-S029; P17::P17-S003->P17-S004; P17::P17-S008->P17-S009; P17::P17-S011->P17-S013; P17::P17-S017->P17-S018
E0215,WRITE_ARTIFACT,RETENTION_TAG,control_flow_dependency,Adjacent in `RUN_ENGINE(...)` phase `P05` between steps `P05-S039` and `P05-S040`.,Algorithm/core_engine.md,,P05::P05-S039->P05-S040
E0216,WRITE_ARTIFACT,UPDATE_MANIFEST_OUTPUTS,control_flow_dependency,Adjacent in `RUN_ENGINE(...)` phase `P16` between steps `P16-S011` and `P16-S012`. Adjacent in `RUN_ENGINE(...)` phase `P16` between steps `P16-S053` and `P16-S054`. Adjacent in `RUN_ENGINE(...)` phase `P16` between steps `P16-S077` and `P16-S078`.,Algorithm/core_engine.md,,P16::P16-S011->P16-S012; P16::P16-S053->P16-S054; P16::P16-S077->P16-S078
E0217,WRITE_ARTIFACT,UPSERT_FILING_CASE,control_flow_dependency,Adjacent in `RUN_ENGINE(...)` phase `P15` between steps `P15-S102` and `P15-S103`. Adjacent in `RUN_ENGINE(...)` phase `P16` between steps `P16-S057` and `P16-S058`.,Algorithm/core_engine.md,,P15::P15-S102->P15-S103; P16::P16-S057->P16-S058
E0218,WRITE_ARTIFACT,UPSERT_OBLIGATION_MIRROR,control_flow_dependency,Adjacent in `RUN_ENGINE(...)` phase `P16` between steps `P16-S104` and `P16-S106`.,Algorithm/core_engine.md,,P16::P16-S104->P16-S106
