schema_path,schema_title,catalog_object_id_or_null,catalog_object_name_or_null,ownership_class,object_kind_or_null,truth_class_or_null,authoritative_prose_source_ref_or_null,source_file,source_heading_or_logical_block,rationale
Algorithm/schemas/accepted_risk_approval.schema.json,AcceptedRiskApproval,obj_accepted_risk_approval,AcceptedRiskApproval,canonical_object_storage,append_only_artifact,internal_authoritative,Algorithm/data_model.md::L2985[AcceptedRiskApproval],Algorithm/data_model.md,Algorithm/data_model.md::L2985[AcceptedRiskApproval],`AcceptedRiskApproval` is owned by `AcceptedRiskApproval`.
Algorithm/schemas/action_authority_contract.schema.json,ActionAuthorityContract,,,control_contract,,,,,,`ActionAuthorityContract` has no exact catalog object match; ownership remains heuristic or ambiguous.
Algorithm/schemas/action_strip_state.schema.json,ActionStripState,obj_action_strip_state,ActionStripState,read_model,read_model,projection_only,Algorithm/data_model.md::L1468[ActionStripState],Algorithm/data_model.md,Algorithm/data_model.md::L1468[ActionStripState],`ActionStripState` is owned by `ActionStripState`.
Algorithm/schemas/actor_session.schema.json,ActorSession,obj_actor_session,ActorSession,canonical_object_storage,mutable_entity,internal_authoritative,Algorithm/data_model.md::L9[ActorSession],Algorithm/data_model.md,Algorithm/data_model.md::L9[ActorSession],`ActorSession` is owned by `ActorSession`.
Algorithm/schemas/amendment_bundle.schema.json,AmendmentBundle,obj_amendment_bundle,AmendmentBundle,canonical_object_storage,mutable_entity,internal_authoritative,Algorithm/data_model.md::L708[AmendmentBundle],Algorithm/data_model.md,Algorithm/data_model.md::L708[AmendmentBundle],`AmendmentBundle` is owned by `AmendmentBundle`.
Algorithm/schemas/amendment_case.schema.json,AmendmentCase,obj_amendment_case,AmendmentCase,canonical_object_storage,mutable_entity,internal_authoritative,Algorithm/data_model.md::L665[AmendmentCase],Algorithm/data_model.md,Algorithm/data_model.md::L665[AmendmentCase],`AmendmentCase` is owned by `AmendmentCase`.
Algorithm/schemas/amendment_eligibility_contract.schema.json,AmendmentEligibilityContract,,,control_contract,,,,,,`AmendmentEligibilityContract` has no exact catalog object match; ownership remains heuristic or ambiguous.
Algorithm/schemas/amendment_window_context.schema.json,AmendmentWindowContext,obj_amendment_window_context,AmendmentWindowContext,canonical_object_storage,mutable_entity,internal_authoritative,Algorithm/data_model.md::L698[AmendmentWindowContext],Algorithm/data_model.md,Algorithm/data_model.md::L698[AmendmentWindowContext],`AmendmentWindowContext` is owned by `AmendmentWindowContext`.
Algorithm/schemas/api_command_receipt.schema.json,ApiCommandReceipt,obj_api_command_receipt,ApiCommandReceipt,transport_envelope,envelope,mixed_with_guardrails,Algorithm/data_model.md::L560[ApiCommandReceipt],Algorithm/data_model.md,Algorithm/data_model.md::L560[ApiCommandReceipt],`ApiCommandReceipt` is owned by `ApiCommandReceipt`.
Algorithm/schemas/artifact_affordance_contract.schema.json,ArtifactAffordanceContract,,,control_contract,,,,,,`ArtifactAffordanceContract` has no exact catalog object match; ownership remains heuristic or ambiguous.
Algorithm/schemas/artifact_retention.schema.json,ArtifactRetention,obj_artifact_retention,ArtifactRetention,canonical_object_storage,mutable_entity,internal_authoritative,Algorithm/data_model.md::L765[ArtifactRetention],Algorithm/data_model.md,Algorithm/data_model.md::L765[ArtifactRetention],`ArtifactRetention` is owned by `ArtifactRetention`.
Algorithm/schemas/artifact_selection_contract.schema.json,ArtifactSelectionContract,,,control_contract,,,,,,`ArtifactSelectionContract` has no exact catalog object match; ownership remains heuristic or ambiguous.
Algorithm/schemas/audit_event.schema.json,AuditEvent,obj_audit_event,AuditEvent,canonical_object_storage,append_only_artifact,internal_authoritative,Algorithm/data_model.md::L3023[AuditEvent],Algorithm/data_model.md,Algorithm/data_model.md::L3023[AuditEvent],`AuditEvent` is owned by `AuditEvent`.
Algorithm/schemas/audit_investigation_frame.schema.json,AuditInvestigationFrame,obj_audit_investigation_frame,AuditInvestigationFrame,read_model,read_model,projection_only,Algorithm/data_model.md::L2134[AuditInvestigationFrame],Algorithm/data_model.md,Algorithm/data_model.md::L2134[AuditInvestigationFrame],`AuditInvestigationFrame` is owned by `AuditInvestigationFrame`.
Algorithm/schemas/authority_binding.schema.json,AuthorityBinding,obj_authority_binding,AuthorityBinding,canonical_object_storage,mutable_entity,mixed_with_guardrails,Algorithm/data_model.md::L2415[AuthorityBinding],Algorithm/data_model.md,Algorithm/data_model.md::L2415[AuthorityBinding],`AuthorityBinding` is owned by `AuthorityBinding`.
Algorithm/schemas/authority_binding_drift_sentinel_contract.schema.json,AuthorityBindingDriftSentinelContract,,,control_contract,,,,,,`AuthorityBindingDriftSentinelContract` has no exact catalog object match; ownership remains heuristic or ambiguous.
Algorithm/schemas/authority_calculation_readiness_context.schema.json,AuthorityCalculationReadinessContext,obj_authority_calculation_readiness_context,AuthorityCalculationReadinessContext,canonical_object_storage,mutable_entity,mixed_with_guardrails,Algorithm/data_model.md::L744[AuthorityCalculationReadinessContext],Algorithm/data_model.md,Algorithm/data_model.md::L744[AuthorityCalculationReadinessContext],`AuthorityCalculationReadinessContext` is owned by `AuthorityCalculationReadinessContext`.
Algorithm/schemas/authority_calculation_request.schema.json,AuthorityCalculationRequest,obj_authority_calculation_request,AuthorityCalculationRequest,canonical_object_storage,mutable_entity,mixed_with_guardrails,Algorithm/data_model.md::L729[AuthorityCalculationRequest],Algorithm/data_model.md,Algorithm/data_model.md::L729[AuthorityCalculationRequest],`AuthorityCalculationRequest` is owned by `AuthorityCalculationRequest`.
Algorithm/schemas/authority_calculation_result.schema.json,AuthorityCalculationResult,obj_authority_calculation_result,AuthorityCalculationResult,canonical_object_storage,mutable_entity,mixed_with_guardrails,Algorithm/data_model.md::L734[AuthorityCalculationResult],Algorithm/data_model.md,Algorithm/data_model.md::L734[AuthorityCalculationResult],`AuthorityCalculationResult` is owned by `AuthorityCalculationResult`.
Algorithm/schemas/authority_ingress_correlation_contract.schema.json,AuthorityIngressCorrelationContract,obj_authority_ingress_correlation_contract,AuthorityIngressCorrelationContract,control_contract,control_contract,mixed_with_guardrails,Algorithm/authority_truth_and_internal_projection_separation_contract.md::L1[AuthorityIngressCorrelationContract],Algorithm/authority_truth_and_internal_projection_separation_contract.md,Algorithm/authority_truth_and_internal_projection_separation_contract.md::L1[AuthorityIngressCorrelationContract],`AuthorityIngressCorrelationContract` is owned by `AuthorityIngressCorrelationContract`.
Algorithm/schemas/authority_ingress_investigation_snapshot.schema.json,AuthorityIngressInvestigationSnapshot,obj_authority_ingress_investigation_snapshot,AuthorityIngressInvestigationSnapshot,read_model,read_model,projection_only,Algorithm/data_model.md::L2501[AuthorityIngressInvestigationSnapshot],Algorithm/data_model.md,Algorithm/data_model.md::L2501[AuthorityIngressInvestigationSnapshot],`AuthorityIngressInvestigationSnapshot` is owned by `AuthorityIngressInvestigationSnapshot`.
Algorithm/schemas/authority_ingress_proof_contract.schema.json,AuthorityIngressProofContract,obj_authority_ingress_proof_contract,AuthorityIngressProofContract,control_contract,control_contract,mixed_with_guardrails,Algorithm/authority_truth_and_internal_projection_separation_contract.md::L1[AuthorityIngressProofContract],Algorithm/authority_truth_and_internal_projection_separation_contract.md,Algorithm/authority_truth_and_internal_projection_separation_contract.md::L1[AuthorityIngressProofContract],`AuthorityIngressProofContract` is owned by `AuthorityIngressProofContract`.
Algorithm/schemas/authority_ingress_receipt.schema.json,AuthorityIngressReceipt,obj_authority_ingress_receipt,AuthorityIngressReceipt,transport_envelope,envelope,authority_of_record_mirror,Algorithm/data_model.md::L2483[AuthorityIngressReceipt],Algorithm/data_model.md,Algorithm/data_model.md::L2483[AuthorityIngressReceipt],`AuthorityIngressReceipt` is owned by `AuthorityIngressReceipt`.
Algorithm/schemas/authority_interaction_record.schema.json,AuthorityInteractionRecord,obj_authority_interaction_record,AuthorityInteractionRecord,canonical_object_storage,mutable_entity,authority_of_record_mirror,Algorithm/data_model.md::L2509[AuthorityInteractionRecord],Algorithm/data_model.md,Algorithm/data_model.md::L2509[AuthorityInteractionRecord],`AuthorityInteractionRecord` is owned by `AuthorityInteractionRecord`.
Algorithm/schemas/authority_layer_boundary_contract.schema.json,AuthorityLayerBoundaryContract,obj_authority_layer_boundary_contract,AuthorityLayerBoundaryContract,control_contract,control_contract,mixed_with_guardrails,Algorithm/data_model.md::L44[AuthorityLayerBoundaryContract],Algorithm/data_model.md,Algorithm/data_model.md::L44[AuthorityLayerBoundaryContract],`AuthorityLayerBoundaryContract` is owned by `AuthorityLayerBoundaryContract`.
Algorithm/schemas/authority_link.schema.json,AuthorityLink,obj_authority_link,AuthorityLink,canonical_object_storage,mutable_entity,internal_authoritative,Algorithm/data_model.md::L91[AuthorityLink],Algorithm/data_model.md,Algorithm/data_model.md::L91[AuthorityLink],`AuthorityLink` is owned by `AuthorityLink`.
Algorithm/schemas/authority_link_inventory_item.schema.json,AuthorityLinkInventoryItem,obj_authority_link_inventory_item,AuthorityLinkInventoryItem,read_model,read_model,projection_only,Algorithm/data_model.md::L2073[AuthorityLinkInventoryItem],Algorithm/data_model.md,Algorithm/data_model.md::L2073[AuthorityLinkInventoryItem],`AuthorityLinkInventoryItem` is owned by `AuthorityLinkInventoryItem`.
Algorithm/schemas/authority_operation.schema.json,AuthorityOperation,obj_authority_operation,AuthorityOperation,canonical_object_storage,append_only_artifact,mixed_with_guardrails,Algorithm/data_model.md::L2399[AuthorityOperation],Algorithm/data_model.md,Algorithm/data_model.md::L2399[AuthorityOperation],`AuthorityOperation` is owned by `AuthorityOperation`.
Algorithm/schemas/authority_operation_profile.schema.json,AuthorityOperationProfile,obj_authority_operation_profile,AuthorityOperationProfile,canonical_object_storage,mutable_entity,internal_authoritative,Algorithm/data_model.md::L106[AuthorityOperationProfile],Algorithm/data_model.md,Algorithm/data_model.md::L106[AuthorityOperationProfile],`AuthorityOperationProfile` is owned by `AuthorityOperationProfile`.
Algorithm/schemas/authority_reconciliation_analytics_snapshot.schema.json,AuthorityReconciliationAnalyticsSnapshot,obj_authority_reconciliation_analytics_snapshot,AuthorityReconciliationAnalyticsSnapshot,read_model,read_model,projection_only,Algorithm/data_model.md::L2591[AuthorityReconciliationAnalyticsSnapshot],Algorithm/data_model.md,Algorithm/data_model.md::L2591[AuthorityReconciliationAnalyticsSnapshot],`AuthorityReconciliationAnalyticsSnapshot` is owned by `AuthorityReconciliationAnalyticsSnapshot`.
Algorithm/schemas/authority_reconciliation_control_contract.schema.json,AuthorityReconciliationControlContract,,,control_contract,,,,,,`AuthorityReconciliationControlContract` has no exact catalog object match; ownership remains heuristic or ambiguous.
Algorithm/schemas/authority_request_envelope.schema.json,AuthorityRequestEnvelope,obj_authority_request_envelope,AuthorityRequestEnvelope,transport_envelope,envelope,mixed_with_guardrails,Algorithm/data_model.md::L2432[AuthorityRequestEnvelope],Algorithm/data_model.md,Algorithm/data_model.md::L2432[AuthorityRequestEnvelope],`AuthorityRequestEnvelope` is owned by `AuthorityRequestEnvelope`.
Algorithm/schemas/authority_request_identity_contract.schema.json,AuthorityRequestIdentityContract,,,control_contract,,,,,,`AuthorityRequestIdentityContract` has no exact catalog object match; ownership remains heuristic or ambiguous.
Algorithm/schemas/authority_response_envelope.schema.json,AuthorityResponseEnvelope,obj_authority_response_envelope,AuthorityResponseEnvelope,transport_envelope,envelope,mixed_with_guardrails,Algorithm/data_model.md::L2465[AuthorityResponseEnvelope],Algorithm/data_model.md,Algorithm/data_model.md::L2465[AuthorityResponseEnvelope],`AuthorityResponseEnvelope` is owned by `AuthorityResponseEnvelope`.
Algorithm/schemas/authority_sandbox_coverage_contract.schema.json,AuthoritySandboxCoverageContract,,,control_contract,,,,,,`AuthoritySandboxCoverageContract` has no exact catalog object match; ownership remains heuristic or ambiguous.
Algorithm/schemas/authority_truth_contract.schema.json,AuthorityTruthContract,obj_authority_truth_contract,AuthorityTruthContract,control_contract,control_contract,mixed_with_guardrails,Algorithm/authority_truth_and_internal_projection_separation_contract.md::L1[AuthorityTruthContract],Algorithm/authority_truth_and_internal_projection_separation_contract.md,Algorithm/authority_truth_and_internal_projection_separation_contract.md::L1[AuthorityTruthContract],`AuthorityTruthContract` is owned by `AuthorityTruthContract`.
Algorithm/schemas/authorization_decision.schema.json,AuthorizationDecision,obj_authorization_decision,AuthorizationDecision,canonical_object_storage,mutable_entity,internal_authoritative,Algorithm/data_model.md::L31[AuthorizationDecision],Algorithm/data_model.md,Algorithm/data_model.md::L31[AuthorizationDecision],`AuthorizationDecision` is owned by `AuthorizationDecision`.
Algorithm/schemas/backfill_execution_contract.schema.json,BackfillExecutionContract,obj_backfill_execution_contract,BackfillExecutionContract,control_contract,control_contract,mixed_with_guardrails,Algorithm/data_model.md::L1012[BackfillExecutionContract],Algorithm/data_model.md,Algorithm/data_model.md::L1012[BackfillExecutionContract],`BackfillExecutionContract` is owned by `BackfillExecutionContract`.
Algorithm/schemas/baseline_selection_contract.schema.json,BaselineSelectionContract,,,control_contract,,,,,,`BaselineSelectionContract` has no exact catalog object match; ownership remains heuristic or ambiguous.
Algorithm/schemas/build_artifact.schema.json,BuildArtifact,obj_build_artifact,BuildArtifact,canonical_object_storage,mutable_entity,internal_authoritative,Algorithm/data_model.md::L801[BuildArtifact],Algorithm/data_model.md,Algorithm/data_model.md::L801[BuildArtifact],`BuildArtifact` is owned by `BuildArtifact`.
Algorithm/schemas/cache_isolation_contract.schema.json,CacheIsolationContract,obj_cache_isolation_contract,CacheIsolationContract,control_contract,control_contract,mixed_with_guardrails,Algorithm/frontend_shell_and_interaction_law.md::L1[CacheIsolationContract],Algorithm/frontend_shell_and_interaction_law.md,Algorithm/frontend_shell_and_interaction_law.md::L1[CacheIsolationContract],`CacheIsolationContract` is owned by `CacheIsolationContract`.
Algorithm/schemas/calculation_basis.schema.json,CalculationBasis,obj_calculation_basis,CalculationBasis,canonical_object_storage,mutable_entity,mixed_with_guardrails,Algorithm/data_model.md::L737[CalculationBasis],Algorithm/data_model.md,Algorithm/data_model.md::L737[CalculationBasis],`CalculationBasis` is owned by `CalculationBasis`.
Algorithm/schemas/calculation_user_confirmation.schema.json,CalculationUserConfirmation,obj_calculation_user_confirmation,CalculationUserConfirmation,canonical_object_storage,mutable_entity,mixed_with_guardrails,Algorithm/data_model.md::L741[CalculationUserConfirmation],Algorithm/data_model.md,Algorithm/data_model.md::L741[CalculationUserConfirmation],`CalculationUserConfirmation` is owned by `CalculationUserConfirmation`.
Algorithm/schemas/canary_health_summary.schema.json,CanaryHealthSummary,obj_canary_health_summary,CanaryHealthSummary,canonical_object_storage,mutable_entity,internal_authoritative,Algorithm/data_model.md::L914[CanaryHealthSummary],Algorithm/data_model.md,Algorithm/data_model.md::L914[CanaryHealthSummary],`CanaryHealthSummary` is owned by `CanaryHealthSummary`.
Algorithm/schemas/candidate_fact.schema.json,CandidateFact,obj_candidate_fact,CandidateFact,canonical_object_storage,append_only_artifact,internal_authoritative,Algorithm/data_model.md::L2292[CandidateFact],Algorithm/data_model.md,Algorithm/data_model.md::L2292[CandidateFact],`CandidateFact` is owned by `CandidateFact`.
Algorithm/schemas/candidate_fact_set.schema.json,CandidateFactSet,obj_candidate_fact_set,CandidateFactSet,canonical_object_storage,append_only_artifact,internal_authoritative,Algorithm/data_model.md::L2299[CandidateFactSet],Algorithm/data_model.md,Algorithm/data_model.md::L2299[CandidateFactSet],`CandidateFactSet` is owned by `CandidateFactSet`.
Algorithm/schemas/canonical_fact.schema.json,CanonicalFact,obj_canonical_fact,CanonicalFact,canonical_object_storage,append_only_artifact,internal_authoritative,Algorithm/data_model.md::L2308[CanonicalFact],Algorithm/data_model.md,Algorithm/data_model.md::L2308[CanonicalFact],`CanonicalFact` is owned by `CanonicalFact`.
Algorithm/schemas/canonical_fact_set.schema.json,CanonicalFactSet,obj_canonical_fact_set,CanonicalFactSet,canonical_object_storage,append_only_artifact,internal_authoritative,Algorithm/data_model.md::L2316[CanonicalFactSet],Algorithm/data_model.md,Algorithm/data_model.md::L2316[CanonicalFactSet],`CanonicalFactSet` is owned by `CanonicalFactSet`.
Algorithm/schemas/client_approval_pack.schema.json,ClientApprovalPack,obj_client_approval_pack,ClientApprovalPack,read_model,read_model,projection_only,Algorithm/data_model.md::L2207[ClientApprovalPack],Algorithm/data_model.md,Algorithm/data_model.md::L2207[ClientApprovalPack],`ClientApprovalPack` is owned by `ClientApprovalPack`.
Algorithm/schemas/client_compatibility_matrix.schema.json,ClientCompatibilityMatrix,obj_client_compatibility_matrix,ClientCompatibilityMatrix,canonical_object_storage,mutable_entity,internal_authoritative,Algorithm/data_model.md::L958[ClientCompatibilityMatrix],Algorithm/data_model.md,Algorithm/data_model.md::L958[ClientCompatibilityMatrix],`ClientCompatibilityMatrix` is owned by `ClientCompatibilityMatrix`.
Algorithm/schemas/client_document_request.schema.json,ClientDocumentRequest,obj_client_document_request,ClientDocumentRequest,read_model,read_model,projection_only,Algorithm/data_model.md::L2165[ClientDocumentRequest],Algorithm/data_model.md,Algorithm/data_model.md::L2165[ClientDocumentRequest],`ClientDocumentRequest` is owned by `ClientDocumentRequest`.
Algorithm/schemas/client_onboarding_journey.schema.json,ClientOnboardingJourney,obj_client_onboarding_journey,ClientOnboardingJourney,read_model,read_model,projection_only,Algorithm/data_model.md::L2221[ClientOnboardingJourney],Algorithm/data_model.md,Algorithm/data_model.md::L2221[ClientOnboardingJourney],`ClientOnboardingJourney` is owned by `ClientOnboardingJourney`.
Algorithm/schemas/client_portal_workspace.schema.json,ClientPortalWorkspace,obj_client_portal_workspace,ClientPortalWorkspace,read_model,read_model,projection_only,Algorithm/data_model.md::L1664[ClientPortalWorkspace],Algorithm/data_model.md,Algorithm/data_model.md::L1664[ClientPortalWorkspace],`ClientPortalWorkspace` is owned by `ClientPortalWorkspace`.
Algorithm/schemas/client_timeline_event.schema.json,ClientTimelineEvent,obj_client_timeline_event,ClientTimelineEvent,projection,projection,projection_only,Algorithm/data_model.md::L2229[ClientTimelineEvent],Algorithm/data_model.md,Algorithm/data_model.md::L2229[ClientTimelineEvent],`ClientTimelineEvent` is owned by `ClientTimelineEvent`.
Algorithm/schemas/client_upload_session.schema.json,ClientUploadSession,obj_client_upload_session,ClientUploadSession,read_model,read_model,projection_only,Algorithm/data_model.md::L2178[ClientUploadSession],Algorithm/data_model.md,Algorithm/data_model.md::L2178[ClientUploadSession],`ClientUploadSession` is owned by `ClientUploadSession`.
Algorithm/schemas/collaboration_activity_slice.schema.json,CollaborationActivitySlice,obj_collaboration_activity_slice,CollaborationActivitySlice,projection,projection,projection_only,Algorithm/data_model.md::L463[CollaborationActivitySlice],Algorithm/data_model.md,Algorithm/data_model.md::L463[CollaborationActivitySlice],`CollaborationActivitySlice` is owned by `CollaborationActivitySlice`.
Algorithm/schemas/collaboration_attachment.schema.json,CollaborationAttachment,obj_collaboration_attachment,CollaborationAttachment,canonical_object_storage,mutable_entity,internal_authoritative,Algorithm/data_model.md::L172[CollaborationAttachment],Algorithm/data_model.md,Algorithm/data_model.md::L172[CollaborationAttachment],`CollaborationAttachment` is owned by `CollaborationAttachment`.
Algorithm/schemas/collaboration_attachment_slice.schema.json,CollaborationAttachmentSlice,obj_collaboration_attachment_slice,CollaborationAttachmentSlice,projection,projection,projection_only,Algorithm/data_model.md::L480[CollaborationAttachmentSlice],Algorithm/data_model.md,Algorithm/data_model.md::L480[CollaborationAttachmentSlice],`CollaborationAttachmentSlice` is owned by `CollaborationAttachmentSlice`.
Algorithm/schemas/collaboration_entry.schema.json,CollaborationEntry,obj_collaboration_entry,CollaborationEntry,canonical_object_storage,mutable_entity,internal_authoritative,Algorithm/data_model.md::L169[CollaborationEntry],Algorithm/data_model.md,Algorithm/data_model.md::L169[CollaborationEntry],`CollaborationEntry` is owned by `CollaborationEntry`.
Algorithm/schemas/collaboration_queue_projection_contract.schema.json,CollaborationQueueProjectionContract,,,control_contract,,,,,,`CollaborationQueueProjectionContract` has no exact catalog object match; ownership remains heuristic or ambiguous.
Algorithm/schemas/collaboration_routing_contract.schema.json,CollaborationRoutingContract,,,control_contract,,,,,,`CollaborationRoutingContract` has no exact catalog object match; ownership remains heuristic or ambiguous.
Algorithm/schemas/collaboration_thread.schema.json,CollaborationThread,obj_collaboration_thread,CollaborationThread,canonical_object_storage,mutable_entity,internal_authoritative,Algorithm/data_model.md::L167[CollaborationThread],Algorithm/data_model.md,Algorithm/data_model.md::L167[CollaborationThread],`CollaborationThread` is owned by `CollaborationThread`.
Algorithm/schemas/collection_boundary.schema.json,CollectionBoundary,obj_collection_boundary,CollectionBoundary,canonical_object_storage,append_only_artifact,internal_authoritative,Algorithm/data_model.md::L2269[CollectionBoundary],Algorithm/data_model.md,Algorithm/data_model.md::L2269[CollectionBoundary],`CollectionBoundary` is owned by `CollectionBoundary`.
Algorithm/schemas/command_envelope.schema.json,CommandEnvelope,obj_command_envelope,CommandEnvelope,transport_envelope,envelope,mixed_with_guardrails,Algorithm/data_model.md::L1348[CommandEnvelope],Algorithm/data_model.md,Algorithm/data_model.md::L1348[CommandEnvelope],`CommandEnvelope` is owned by `CommandEnvelope`.
Algorithm/schemas/command_truth_boundary_contract.schema.json,CommandTruthBoundaryContract,,,control_contract,,,,,,`CommandTruthBoundaryContract` has no exact catalog object match; ownership remains heuristic or ambiguous.
Algorithm/schemas/compensation_record.schema.json,CompensationRecord,obj_compensation_record,CompensationRecord,canonical_object_storage,append_only_artifact,internal_authoritative,Algorithm/data_model.md::L2972[CompensationRecord],Algorithm/data_model.md,Algorithm/data_model.md::L2972[CompensationRecord],`CompensationRecord` is owned by `CompensationRecord`.
Algorithm/schemas/compute_result.schema.json,ComputeResult,obj_compute_result,ComputeResult,canonical_object_storage,append_only_artifact,internal_authoritative,Algorithm/data_model.md::L2626[ComputeResult],Algorithm/data_model.md,Algorithm/data_model.md::L2626[ComputeResult],`ComputeResult` is owned by `ComputeResult`.
Algorithm/schemas/config_change_request.schema.json,ConfigChangeRequest,obj_config_change_request,ConfigChangeRequest,canonical_object_storage,mutable_entity,internal_authoritative,Algorithm/data_model.md::L552[ConfigChangeRequest],Algorithm/data_model.md,Algorithm/data_model.md::L552[ConfigChangeRequest],`ConfigChangeRequest` is owned by `ConfigChangeRequest`.
Algorithm/schemas/config_freeze.schema.json,ConfigFreeze,obj_config_freeze,ConfigFreeze,canonical_object_storage,append_only_artifact,mixed_with_guardrails,Algorithm/data_model.md::L2250[ConfigFreeze],Algorithm/data_model.md,Algorithm/data_model.md::L2250[ConfigFreeze],`ConfigFreeze` is owned by `ConfigFreeze`.
Algorithm/schemas/config_version.schema.json,ConfigVersion,obj_config_version,ConfigVersion,canonical_object_storage,mutable_entity,internal_authoritative,Algorithm/data_model.md::L75[ConfigVersion],Algorithm/data_model.md,Algorithm/data_model.md::L75[ConfigVersion],`ConfigVersion` is owned by `ConfigVersion`.
Algorithm/schemas/conflict_record.schema.json,ConflictRecord,obj_conflict_record,ConflictRecord,canonical_object_storage,append_only_artifact,internal_authoritative,Algorithm/data_model.md::L2301[ConflictRecord],Algorithm/data_model.md,Algorithm/data_model.md::L2301[ConflictRecord],`ConflictRecord` is owned by `ConflictRecord`.
Algorithm/schemas/conflict_set.schema.json,ConflictSet,obj_conflict_set,ConflictSet,canonical_object_storage,append_only_artifact,internal_authoritative,Algorithm/data_model.md::L2303[ConflictSet],Algorithm/data_model.md,Algorithm/data_model.md::L2303[ConflictSet],`ConflictSet` is owned by `ConflictSet`.
Algorithm/schemas/connector_binding.schema.json,ConnectorBinding,obj_connector_binding,ConnectorBinding,canonical_object_storage,mutable_entity,internal_authoritative,Algorithm/data_model.md::L70[ConnectorBinding],Algorithm/data_model.md,Algorithm/data_model.md::L70[ConnectorBinding],`ConnectorBinding` is owned by `ConnectorBinding`.
Algorithm/schemas/constraint_traceability_register.schema.json,ConstraintTraceabilityRegister,,,ambiguous,,,,,,`ConstraintTraceabilityRegister` has no exact catalog object match; ownership remains heuristic or ambiguous.
Algorithm/schemas/context_bar_state.schema.json,ContextBarState,obj_context_bar_state,ContextBarState,read_model,read_model,projection_only,Algorithm/data_model.md::L1461[ContextBarState],Algorithm/data_model.md,Algorithm/data_model.md::L1461[ContextBarState],`ContextBarState` is owned by `ContextBarState`.
Algorithm/schemas/cross_device_continuity_contract.schema.json,CrossDeviceContinuityContract,obj_cross_device_continuity_contract,CrossDeviceContinuityContract,control_contract,control_contract,mixed_with_guardrails,Algorithm/low_noise_experience_contract.md::L1[CrossDeviceContinuityContract],Algorithm/low_noise_experience_contract.md,Algorithm/low_noise_experience_contract.md::L1[CrossDeviceContinuityContract],`CrossDeviceContinuityContract` is owned by `CrossDeviceContinuityContract`.
Algorithm/schemas/customer_request_list_snapshot.schema.json,CustomerRequestListSnapshot,obj_customer_request_list_snapshot,CustomerRequestListSnapshot,read_model,read_model,projection_only,Algorithm/data_model.md::L430[CustomerRequestListSnapshot],Algorithm/data_model.md,Algorithm/data_model.md::L430[CustomerRequestListSnapshot],`CustomerRequestListSnapshot` is owned by `CustomerRequestListSnapshot`.
Algorithm/schemas/customer_safe_projection_contract.schema.json,CustomerSafeProjectionContract,obj_customer_safe_projection_contract,CustomerSafeProjectionContract,control_contract,control_contract,mixed_with_guardrails,Algorithm/frontend_shell_and_interaction_law.md::L1[CustomerSafeProjectionContract],Algorithm/frontend_shell_and_interaction_law.md,Algorithm/frontend_shell_and_interaction_law.md::L1[CustomerSafeProjectionContract],`CustomerSafeProjectionContract` is owned by `CustomerSafeProjectionContract`.
Algorithm/schemas/decision_bundle.schema.json,DecisionBundle,obj_decision_bundle,DecisionBundle,canonical_object_storage,append_only_artifact,internal_authoritative,Algorithm/data_model.md::L1252[DecisionBundle],Algorithm/data_model.md,Algorithm/data_model.md::L1252[DecisionBundle],`DecisionBundle` is owned by `DecisionBundle`.
Algorithm/schemas/decision_explainability_contract.schema.json,DecisionExplainabilityContract,,,control_contract,,,,,,`DecisionExplainabilityContract` has no exact catalog object match; ownership remains heuristic or ambiguous.
Algorithm/schemas/decision_summary_state.schema.json,DecisionSummaryState,obj_decision_summary_state,DecisionSummaryState,read_model,read_model,projection_only,Algorithm/data_model.md::L1464[DecisionSummaryState],Algorithm/data_model.md,Algorithm/data_model.md::L1464[DecisionSummaryState],`DecisionSummaryState` is owned by `DecisionSummaryState`.
Algorithm/schemas/delegation_grant.schema.json,DelegationGrant,obj_delegation_grant,DelegationGrant,canonical_object_storage,mutable_entity,internal_authoritative,Algorithm/data_model.md::L84[DelegationGrant],Algorithm/data_model.md,Algorithm/data_model.md::L84[DelegationGrant],`DelegationGrant` is owned by `DelegationGrant`.
Algorithm/schemas/deployment_release.schema.json,DeploymentRelease,obj_deployment_release,DeploymentRelease,canonical_object_storage,mutable_entity,internal_authoritative,Algorithm/data_model.md::L807[DeploymentRelease],Algorithm/data_model.md,Algorithm/data_model.md::L807[DeploymentRelease],`DeploymentRelease` is owned by `DeploymentRelease`.
Algorithm/schemas/detail_drawer_state.schema.json,DetailDrawerState,obj_detail_drawer_state,DetailDrawerState,read_model,read_model,projection_only,Algorithm/data_model.md::L1489[DetailDrawerState],Algorithm/data_model.md,Algorithm/data_model.md::L1489[DetailDrawerState],`DetailDrawerState` is owned by `DetailDrawerState`.
Algorithm/schemas/deterministic_golden_pack.schema.json,DeterministicGoldenPack,obj_deterministic_golden_pack,DeterministicGoldenPack,canonical_object_storage,append_only_artifact,internal_authoritative,Algorithm/data_model.md::L1307[DeterministicGoldenPack],Algorithm/data_model.md,Algorithm/data_model.md::L1307[DeterministicGoldenPack],`DeterministicGoldenPack` is owned by `DeterministicGoldenPack`.
Algorithm/schemas/drift_baseline_envelope.schema.json,DriftBaselineEnvelope,obj_drift_baseline_envelope,DriftBaselineEnvelope,transport_envelope,envelope,mixed_with_guardrails,Algorithm/data_model.md::L674[DriftBaselineEnvelope],Algorithm/data_model.md,Algorithm/data_model.md::L674[DriftBaselineEnvelope],`DriftBaselineEnvelope` is owned by `DriftBaselineEnvelope`.
Algorithm/schemas/drift_baseline_selection_visualization.schema.json,DriftBaselineSelectionVisualization,obj_drift_baseline_selection_visualization,DriftBaselineSelectionVisualization,canonical_object_storage,mutable_entity,internal_authoritative,Algorithm/data_model.md::L682[DriftBaselineSelectionVisualization],Algorithm/data_model.md,Algorithm/data_model.md::L682[DriftBaselineSelectionVisualization],`DriftBaselineSelectionVisualization` is owned by `DriftBaselineSelectionVisualization`.
Algorithm/schemas/drift_baseline_selection_visualization_basis_contract.schema.json,DriftBaselineSelectionVisualizationBasisContract,,,control_contract,,,,,,`DriftBaselineSelectionVisualizationBasisContract` has no exact catalog object match; ownership remains heuristic or ambiguous.
Algorithm/schemas/drift_record.schema.json,DriftRecord,obj_drift_record,DriftRecord,canonical_object_storage,append_only_artifact,internal_authoritative,Algorithm/data_model.md::L2923[DriftRecord],Algorithm/data_model.md,Algorithm/data_model.md::L2923[DriftRecord],`DriftRecord` is owned by `DriftRecord`.
Algorithm/schemas/enquiry_pack.schema.json,EnquiryPack,obj_enquiry_pack,EnquiryPack,canonical_object_storage,append_only_artifact,internal_authoritative,Algorithm/data_model.md::L2772[EnquiryPack],Algorithm/data_model.md,Algorithm/data_model.md::L2772[EnquiryPack],`EnquiryPack` is owned by `EnquiryPack`.
Algorithm/schemas/erasure_proof.schema.json,ErasureProof,obj_erasure_proof,ErasureProof,canonical_object_storage,append_only_artifact,internal_authoritative,Algorithm/data_model.md::L3036[ErasureProof],Algorithm/data_model.md,Algorithm/data_model.md::L3036[ErasureProof],`ErasureProof` is owned by `ErasureProof`.
Algorithm/schemas/error_record.schema.json,ErrorRecord,obj_error_record,ErrorRecord,canonical_object_storage,append_only_artifact,internal_authoritative,Algorithm/data_model.md::L2938[ErrorRecord],Algorithm/data_model.md,Algorithm/data_model.md::L2938[ErrorRecord],`ErrorRecord` is owned by `ErrorRecord`.
Algorithm/schemas/evidence_graph.schema.json,EvidenceGraph,obj_evidence_graph,EvidenceGraph,canonical_object_storage,append_only_artifact,internal_authoritative,Algorithm/data_model.md::L2755[EvidenceGraph],Algorithm/data_model.md,Algorithm/data_model.md::L2755[EvidenceGraph],`EvidenceGraph` is owned by `EvidenceGraph`.
Algorithm/schemas/evidence_item.schema.json,EvidenceItem,obj_evidence_item,EvidenceItem,canonical_object_storage,append_only_artifact,internal_authoritative,Algorithm/data_model.md::L2287[EvidenceItem],Algorithm/data_model.md,Algorithm/data_model.md::L2287[EvidenceItem],`EvidenceItem` is owned by `EvidenceItem`.
Algorithm/schemas/evidence_item_set.schema.json,EvidenceItemSet,obj_evidence_item_set,EvidenceItemSet,canonical_object_storage,append_only_artifact,internal_authoritative,Algorithm/data_model.md::L2290[EvidenceItemSet],Algorithm/data_model.md,Algorithm/data_model.md::L2290[EvidenceItemSet],`EvidenceItemSet` is owned by `EvidenceItemSet`.
Algorithm/schemas/exceptional_authority_grant.schema.json,ExceptionalAuthorityGrant,obj_exceptional_authority_grant,ExceptionalAuthorityGrant,canonical_object_storage,mutable_entity,internal_authoritative,Algorithm/data_model.md::L97[ExceptionalAuthorityGrant],Algorithm/data_model.md,Algorithm/data_model.md::L97[ExceptionalAuthorityGrant],`ExceptionalAuthorityGrant` is owned by `ExceptionalAuthorityGrant`.
Algorithm/schemas/execution_mode_boundary_contract.schema.json,ExecutionModeBoundaryContract,,,control_contract,,,,,,`ExecutionModeBoundaryContract` has no exact catalog object match; ownership remains heuristic or ambiguous.
Algorithm/schemas/experience_cursor.schema.json,ExperienceCursor,obj_experience_cursor,ExperienceCursor,projection,projection,projection_only,Algorithm/data_model.md::L585[ExperienceCursor],Algorithm/data_model.md,Algorithm/data_model.md::L585[ExperienceCursor],`ExperienceCursor` is owned by `ExperienceCursor`.
Algorithm/schemas/experience_delta.schema.json,ExperienceDelta,obj_experience_delta,ExperienceDelta,projection,projection,projection_only,Algorithm/data_model.md::L1322[ExperienceDelta],Algorithm/data_model.md,Algorithm/data_model.md::L1322[ExperienceDelta],`ExperienceDelta` is owned by `ExperienceDelta`.
Algorithm/schemas/experience_stream_event.schema.json,ExperienceStreamEvent,obj_experience_stream_event,ExperienceStreamEvent,projection,projection,projection_only,Algorithm/data_model.md::L1369[ExperienceStreamEvent],Algorithm/data_model.md,Algorithm/data_model.md::L1369[ExperienceStreamEvent],`ExperienceStreamEvent` is owned by `ExperienceStreamEvent`.
Algorithm/schemas/externalization_governance_contract.schema.json,ExternalizationGovernanceContract,obj_externalization_governance_contract,ExternalizationGovernanceContract,control_contract,control_contract,mixed_with_guardrails,Algorithm/customer_client_portal_experience_contract.md::L1[ExternalizationGovernanceContract],Algorithm/customer_client_portal_experience_contract.md,Algorithm/customer_client_portal_experience_contract.md::L1[ExternalizationGovernanceContract],`ExternalizationGovernanceContract` is owned by `ExternalizationGovernanceContract`.
Algorithm/schemas/failure_investigation.schema.json,FailureInvestigation,obj_failure_investigation,FailureInvestigation,canonical_object_storage,append_only_artifact,internal_authoritative,Algorithm/data_model.md::L2993[FailureInvestigation],Algorithm/data_model.md,Algorithm/data_model.md::L2993[FailureInvestigation],`FailureInvestigation` is owned by `FailureInvestigation`.
Algorithm/schemas/failure_lifecycle_dashboard.schema.json,FailureLifecycleDashboard,obj_failure_lifecycle_dashboard,FailureLifecycleDashboard,read_model,read_model,projection_only,Algorithm/data_model.md::L3003[FailureLifecycleDashboard],Algorithm/data_model.md,Algorithm/data_model.md::L3003[FailureLifecycleDashboard],`FailureLifecycleDashboard` is owned by `FailureLifecycleDashboard`.
Algorithm/schemas/failure_resolution_contract.schema.json,FailureResolutionContract,,,control_contract,,,,,,`FailureResolutionContract` has no exact catalog object match; ownership remains heuristic or ambiguous.
Algorithm/schemas/filing_case.schema.json,FilingCase,obj_filing_case,FilingCase,canonical_object_storage,mutable_entity,internal_authoritative,Algorithm/data_model.md::L649[FilingCase],Algorithm/data_model.md,Algorithm/data_model.md::L649[FilingCase],`FilingCase` is owned by `FilingCase`.
Algorithm/schemas/filing_notice_resolution.schema.json,FilingNoticeResolution,obj_filing_notice_resolution,FilingNoticeResolution,canonical_object_storage,append_only_artifact,internal_authoritative,Algorithm/data_model.md::L2886[FilingNoticeResolution],Algorithm/data_model.md,Algorithm/data_model.md::L2886[FilingNoticeResolution],`FilingNoticeResolution` is owned by `FilingNoticeResolution`.
Algorithm/schemas/filing_notice_step.schema.json,FilingNoticeStep,obj_filing_notice_step,FilingNoticeStep,canonical_object_storage,append_only_artifact,internal_authoritative,Algorithm/data_model.md::L2884[FilingNoticeStep],Algorithm/data_model.md,Algorithm/data_model.md::L2884[FilingNoticeStep],`FilingNoticeStep` is owned by `FilingNoticeStep`.
Algorithm/schemas/filing_packet.schema.json,FilingPacket,obj_filing_packet,FilingPacket,canonical_object_storage,mutable_entity,mixed_with_guardrails,Algorithm/data_model.md::L2873[FilingPacket],Algorithm/data_model.md,Algorithm/data_model.md::L2873[FilingPacket],`FilingPacket` is owned by `FilingPacket`.
Algorithm/schemas/focus_restoration_contract.schema.json,FocusRestorationContract,,,control_contract,,,,,,`FocusRestorationContract` has no exact catalog object match; ownership remains heuristic or ambiguous.
Algorithm/schemas/focus_restore_return_target_harness.schema.json,FocusRestoreReturnTargetHarness,obj_focus_restore_return_target_harness,FocusRestoreReturnTargetHarness,regression_harness,control_contract,mixed_with_guardrails,Algorithm/frontend_shell_and_interaction_law.md::L1[FocusRestoreReturnTargetHarness],Algorithm/frontend_shell_and_interaction_law.md,Algorithm/frontend_shell_and_interaction_law.md::L1[FocusRestoreReturnTargetHarness],`FocusRestoreReturnTargetHarness` is owned by `FocusRestoreReturnTargetHarness`.
Algorithm/schemas/forecast_set.schema.json,ForecastSet,obj_forecast_set,ForecastSet,canonical_object_storage,append_only_artifact,internal_authoritative,Algorithm/data_model.md::L2632[ForecastSet],Algorithm/data_model.md,Algorithm/data_model.md::L2632[ForecastSet],`ForecastSet` is owned by `ForecastSet`.
Algorithm/schemas/gate_admissibility_record.schema.json,GateAdmissibilityRecord,obj_gate_admissibility_record,GateAdmissibilityRecord,canonical_object_storage,mutable_entity,internal_authoritative,Algorithm/data_model.md::L903[GateAdmissibilityRecord],Algorithm/data_model.md,Algorithm/data_model.md::L903[GateAdmissibilityRecord],`GateAdmissibilityRecord` is owned by `GateAdmissibilityRecord`.
Algorithm/schemas/gate_decision_record.schema.json,GateDecisionRecord,obj_gate_decision_record,GateDecisionRecord,canonical_object_storage,append_only_artifact,internal_authoritative,Algorithm/data_model.md::L2649[GateDecisionRecord],Algorithm/data_model.md,Algorithm/data_model.md::L2649[GateDecisionRecord],`GateDecisionRecord` is owned by `GateDecisionRecord`.
Algorithm/schemas/gate_semantics_contract.schema.json,GateSemanticsContract,,,control_contract,,,,,,`GateSemanticsContract` has no exact catalog object match; ownership remains heuristic or ambiguous.
Algorithm/schemas/governance_access_simulation.schema.json,GovernanceAccessSimulation,obj_governance_access_simulation,GovernanceAccessSimulation,read_model,read_model,projection_only,Algorithm/data_model.md::L2041[GovernanceAccessSimulation],Algorithm/data_model.md,Algorithm/data_model.md::L2041[GovernanceAccessSimulation],`GovernanceAccessSimulation` is owned by `GovernanceAccessSimulation`.
Algorithm/schemas/governance_interaction_layer.schema.json,GovernanceInteractionLayer,obj_governance_interaction_layer,GovernanceInteractionLayer,control_contract,control_contract,mixed_with_guardrails,Algorithm/data_model.md::L1880[GovernanceInteractionLayer],Algorithm/data_model.md,Algorithm/data_model.md::L1880[GovernanceInteractionLayer],`GovernanceInteractionLayer` is owned by `GovernanceInteractionLayer`.
Algorithm/schemas/governance_mutation_basis_contract.schema.json,GovernanceMutationBasisContract,obj_governance_mutation_basis_contract,GovernanceMutationBasisContract,control_contract,control_contract,mixed_with_guardrails,Algorithm/data_model.md::L60[GovernanceMutationBasisContract],Algorithm/data_model.md,Algorithm/data_model.md::L60[GovernanceMutationBasisContract],`GovernanceMutationBasisContract` is owned by `GovernanceMutationBasisContract`.
Algorithm/schemas/governance_mutation_hazard_contract.schema.json,GovernanceMutationHazardContract,,,control_contract,,,,,,`GovernanceMutationHazardContract` has no exact catalog object match; ownership remains heuristic or ambiguous.
Algorithm/schemas/governance_policy_snapshot.schema.json,GovernancePolicySnapshot,obj_governance_policy_snapshot,GovernancePolicySnapshot,read_model,read_model,projection_only,Algorithm/data_model.md::L1950[GovernancePolicySnapshot],Algorithm/data_model.md,Algorithm/data_model.md::L1950[GovernancePolicySnapshot],`GovernancePolicySnapshot` is owned by `GovernancePolicySnapshot`.
Algorithm/schemas/input_freeze.schema.json,InputFreeze,obj_input_freeze,InputFreeze,canonical_object_storage,append_only_artifact,internal_authoritative,Algorithm/data_model.md::L2369[InputFreeze],Algorithm/data_model.md,Algorithm/data_model.md::L2369[InputFreeze],`InputFreeze` is owned by `InputFreeze`.
Algorithm/schemas/interaction_layer_foundation_contract.schema.json,InteractionLayerFoundationContract,obj_interaction_layer_foundation_contract,InteractionLayerFoundationContract,control_contract,control_contract,mixed_with_guardrails,Algorithm/data_model.md::L1820[InteractionLayerFoundationContract],Algorithm/data_model.md,Algorithm/data_model.md::L1820[InteractionLayerFoundationContract],`InteractionLayerFoundationContract` is owned by `InteractionLayerFoundationContract`.
Algorithm/schemas/invariant_enforcement_contract.schema.json,InvariantEnforcementContract,,,control_contract,,,,,,`InvariantEnforcementContract` has no exact catalog object match; ownership remains heuristic or ambiguous.
Algorithm/schemas/late_data_consequence_summary.schema.json,LateDataConsequenceSummary,,,ambiguous,,,,,,`LateDataConsequenceSummary` has no exact catalog object match; ownership remains heuristic or ambiguous.
Algorithm/schemas/late_data_finding.schema.json,LateDataFinding,obj_late_data_finding,LateDataFinding,canonical_object_storage,append_only_artifact,internal_authoritative,Algorithm/data_model.md::L2330[LateDataFinding],Algorithm/data_model.md,Algorithm/data_model.md::L2330[LateDataFinding],`LateDataFinding` is owned by `LateDataFinding`.
Algorithm/schemas/late_data_indicator.schema.json,LateDataIndicator,obj_late_data_indicator,LateDataIndicator,canonical_object_storage,append_only_artifact,internal_authoritative,Algorithm/data_model.md::L2318[LateDataIndicator],Algorithm/data_model.md,Algorithm/data_model.md::L2318[LateDataIndicator],`LateDataIndicator` is owned by `LateDataIndicator`.
Algorithm/schemas/late_data_indicator_set.schema.json,LateDataIndicatorSet,obj_late_data_indicator_set,LateDataIndicatorSet,canonical_object_storage,append_only_artifact,internal_authoritative,Algorithm/data_model.md::L2327[LateDataIndicatorSet],Algorithm/data_model.md,Algorithm/data_model.md::L2327[LateDataIndicatorSet],`LateDataIndicatorSet` is owned by `LateDataIndicatorSet`.
Algorithm/schemas/late_data_monitor_result.schema.json,LateDataMonitorResult,obj_late_data_monitor_result,LateDataMonitorResult,canonical_object_storage,append_only_artifact,internal_authoritative,Algorithm/data_model.md::L2335[LateDataMonitorResult],Algorithm/data_model.md,Algorithm/data_model.md::L2335[LateDataMonitorResult],`LateDataMonitorResult` is owned by `LateDataMonitorResult`.
Algorithm/schemas/late_data_policy_binding.schema.json,LateDataPolicyBinding,obj_late_data_policy_binding,LateDataPolicyBinding,canonical_object_storage,append_only_artifact,internal_authoritative,Algorithm/data_model.md::L2276[LateDataPolicyBinding],Algorithm/data_model.md,Algorithm/data_model.md::L2276[LateDataPolicyBinding],`LateDataPolicyBinding` is owned by `LateDataPolicyBinding`.
Algorithm/schemas/late_data_retroactive_impact_simulation.schema.json,LateDataRetroactiveImpactSimulation,obj_late_data_retroactive_impact_simulation,LateDataRetroactiveImpactSimulation,canonical_object_storage,append_only_artifact,internal_authoritative,Algorithm/data_model.md::L2358[LateDataRetroactiveImpactSimulation],Algorithm/data_model.md,Algorithm/data_model.md::L2358[LateDataRetroactiveImpactSimulation],`LateDataRetroactiveImpactSimulation` is owned by `LateDataRetroactiveImpactSimulation`.
Algorithm/schemas/late_data_retroactive_impact_simulation_basis_contract.schema.json,LateDataRetroactiveImpactSimulationBasisContract,obj_late_data_retroactive_impact_simulation_basis_contract,LateDataRetroactiveImpactSimulationBasisContract,control_contract,control_contract,mixed_with_guardrails,Algorithm/data_model.md::L2346[LateDataRetroactiveImpactSimulationBasisContract],Algorithm/data_model.md,Algorithm/data_model.md::L2346[LateDataRetroactiveImpactSimulationBasisContract],`LateDataRetroactiveImpactSimulationBasisContract` is owned by `LateDataRetroactiveImpactSimulationBasisContract`.
Algorithm/schemas/late_data_temporal_contract.schema.json,LateDataTemporalContract,,,control_contract,,,,,,`LateDataTemporalContract` has no exact catalog object match; ownership remains heuristic or ambiguous.
Algorithm/schemas/log_record.schema.json,LogRecord,obj_log_record,LogRecord,canonical_object_storage,mutable_entity,internal_authoritative,Algorithm/data_model.md::L796[LogRecord],Algorithm/data_model.md,Algorithm/data_model.md::L796[LogRecord],`LogRecord` is owned by `LogRecord`.
Algorithm/schemas/low_noise_budget_audit.schema.json,LowNoiseBudgetAudit,obj_low_noise_budget_audit,LowNoiseBudgetAudit,read_model,read_model,projection_only,Algorithm/data_model.md::L1475[LowNoiseBudgetAudit],Algorithm/data_model.md,Algorithm/data_model.md::L1475[LowNoiseBudgetAudit],`LowNoiseBudgetAudit` is owned by `LowNoiseBudgetAudit`.
Algorithm/schemas/low_noise_budget_audit_pack.schema.json,LowNoiseBudgetAuditPack,obj_low_noise_budget_audit_pack,LowNoiseBudgetAuditPack,regression_harness,control_contract,mixed_with_guardrails,Algorithm/data_model.md::L1484[LowNoiseBudgetAuditPack],Algorithm/data_model.md,Algorithm/data_model.md::L1484[LowNoiseBudgetAuditPack],`LowNoiseBudgetAuditPack` is owned by `LowNoiseBudgetAuditPack`.
Algorithm/schemas/low_noise_experience_frame.schema.json,LowNoiseExperienceFrame,obj_low_noise_experience_frame,LowNoiseExperienceFrame,read_model,read_model,projection_only,Algorithm/data_model.md::L1412[LowNoiseExperienceFrame],Algorithm/data_model.md,Algorithm/data_model.md::L1412[LowNoiseExperienceFrame],`LowNoiseExperienceFrame` is owned by `LowNoiseExperienceFrame`.
Algorithm/schemas/manifest_branch_decision_contract.schema.json,ManifestBranchDecisionContract,,,control_contract,,,,,,`ManifestBranchDecisionContract` has no exact catalog object match; ownership remains heuristic or ambiguous.
Algorithm/schemas/manifest_lineage_trace.schema.json,ManifestLineageTrace,obj_manifest_lineage_trace,ManifestLineageTrace,canonical_object_storage,append_only_artifact,internal_authoritative,Algorithm/data_model.md::L1186[ManifestLineageTrace],Algorithm/data_model.md,Algorithm/data_model.md::L1186[ManifestLineageTrace],`ManifestLineageTrace` is owned by `ManifestLineageTrace`.
Algorithm/schemas/manifest_start_claim_contract.schema.json,ManifestStartClaimContract,,,control_contract,,,,,,`ManifestStartClaimContract` has no exact catalog object match; ownership remains heuristic or ambiguous.
Algorithm/schemas/metric_event.schema.json,MetricEvent,obj_metric_event,MetricEvent,canonical_object_storage,mutable_entity,internal_authoritative,Algorithm/data_model.md::L790[MetricEvent],Algorithm/data_model.md,Algorithm/data_model.md::L790[MetricEvent],`MetricEvent` is owned by `MetricEvent`.
Algorithm/schemas/mutation_precondition_binding.schema.json,MutationPreconditionBinding,,,ambiguous,,,,,,`MutationPreconditionBinding` has no exact catalog object match; ownership remains heuristic or ambiguous.
Algorithm/schemas/native_cache_hydration_automation_pack.schema.json,NativeCacheHydrationAutomationPack,,,regression_harness,,,,,,`NativeCacheHydrationAutomationPack` has no exact catalog object match; ownership remains heuristic or ambiguous.
Algorithm/schemas/native_cache_hydration_contract.schema.json,NativeCacheHydrationContract,,,control_contract,,,,,,`NativeCacheHydrationContract` has no exact catalog object match; ownership remains heuristic or ambiguous.
Algorithm/schemas/native_operator_secondary_window_scene.schema.json,NativeOperatorSecondaryWindowScene,obj_native_operator_secondary_window_scene,NativeOperatorSecondaryWindowScene,read_model,read_model,projection_only,Algorithm/data_model.md::L1604[NativeOperatorSecondaryWindowScene],Algorithm/data_model.md,Algorithm/data_model.md::L1604[NativeOperatorSecondaryWindowScene],`NativeOperatorSecondaryWindowScene` is owned by `NativeOperatorSecondaryWindowScene`.
Algorithm/schemas/native_operator_workspace_scene.schema.json,NativeOperatorWorkspaceScene,obj_native_operator_workspace_scene,NativeOperatorWorkspaceScene,read_model,read_model,projection_only,Algorithm/data_model.md::L1550[NativeOperatorWorkspaceScene],Algorithm/data_model.md,Algorithm/data_model.md::L1550[NativeOperatorWorkspaceScene],`NativeOperatorWorkspaceScene` is owned by `NativeOperatorWorkspaceScene`.
Algorithm/schemas/nightly_batch_identity_contract.schema.json,NightlyBatchIdentityContract,,,control_contract,,,,,,`NightlyBatchIdentityContract` has no exact catalog object match; ownership remains heuristic or ambiguous.
Algorithm/schemas/nightly_batch_run.schema.json,NightlyBatchRun,obj_nightly_batch_run,NightlyBatchRun,canonical_object_storage,mutable_entity,internal_authoritative,Algorithm/data_model.md::L1211[NightlyBatchRun],Algorithm/data_model.md,Algorithm/data_model.md::L1211[NightlyBatchRun],`NightlyBatchRun` is owned by `NightlyBatchRun`.
Algorithm/schemas/nightly_portfolio_simulation_basis_contract.schema.json,NightlyPortfolioSimulationBasisContract,,,control_contract,,,,,,`NightlyPortfolioSimulationBasisContract` has no exact catalog object match; ownership remains heuristic or ambiguous.
Algorithm/schemas/nightly_portfolio_what_if_simulation.schema.json,NightlyPortfolioWhatIfSimulation,obj_nightly_portfolio_what_if_simulation,NightlyPortfolioWhatIfSimulation,canonical_object_storage,mutable_entity,internal_authoritative,Algorithm/data_model.md::L525[NightlyPortfolioWhatIfSimulation],Algorithm/data_model.md,Algorithm/data_model.md::L525[NightlyPortfolioWhatIfSimulation],`NightlyPortfolioWhatIfSimulation` is owned by `NightlyPortfolioWhatIfSimulation`.
Algorithm/schemas/normalization_context.schema.json,NormalizationContext,obj_normalization_context,NormalizationContext,canonical_object_storage,append_only_artifact,internal_authoritative,Algorithm/data_model.md::L2278[NormalizationContext],Algorithm/data_model.md,Algorithm/data_model.md::L2278[NormalizationContext],`NormalizationContext` is owned by `NormalizationContext`.
Algorithm/schemas/obligation_mirror.schema.json,ObligationMirror,obj_obligation_mirror,ObligationMirror,canonical_object_storage,mutable_entity,authority_of_record_mirror,Algorithm/data_model.md::L628[ObligationMirror],Algorithm/data_model.md,Algorithm/data_model.md::L628[ObligationMirror],`ObligationMirror` is owned by `ObligationMirror`.
Algorithm/schemas/operator_digest_derivation_contract.schema.json,OperatorDigestDerivationContract,,,control_contract,,,,,,`OperatorDigestDerivationContract` has no exact catalog object match; ownership remains heuristic or ambiguous.
Algorithm/schemas/operator_interaction_layer.schema.json,OperatorInteractionLayer,obj_operator_interaction_layer,OperatorInteractionLayer,control_contract,control_contract,mixed_with_guardrails,Algorithm/data_model.md::L1855[OperatorInteractionLayer],Algorithm/data_model.md,Algorithm/data_model.md::L1855[OperatorInteractionLayer],`OperatorInteractionLayer` is owned by `OperatorInteractionLayer`.
Algorithm/schemas/operator_morning_digest.schema.json,OperatorMorningDigest,obj_operator_morning_digest,OperatorMorningDigest,read_model,read_model,projection_only,Algorithm/data_model.md::L503[OperatorMorningDigest],Algorithm/data_model.md,Algorithm/data_model.md::L503[OperatorMorningDigest],`OperatorMorningDigest` is owned by `OperatorMorningDigest`.
Algorithm/schemas/parity_result.schema.json,ParityResult,obj_parity_result,ParityResult,canonical_object_storage,append_only_artifact,internal_authoritative,Algorithm/data_model.md::L2639[ParityResult],Algorithm/data_model.md,Algorithm/data_model.md::L2639[ParityResult],`ParityResult` is owned by `ParityResult`.
Algorithm/schemas/portal_help_request.schema.json,PortalHelpRequest,obj_portal_help_request,PortalHelpRequest,read_model,read_model,projection_only,Algorithm/data_model.md::L2240[PortalHelpRequest],Algorithm/data_model.md,Algorithm/data_model.md::L2240[PortalHelpRequest],`PortalHelpRequest` is owned by `PortalHelpRequest`.
Algorithm/schemas/portal_interaction_layer.schema.json,PortalInteractionLayer,obj_portal_interaction_layer,PortalInteractionLayer,control_contract,control_contract,mixed_with_guardrails,Algorithm/data_model.md::L1832[PortalInteractionLayer],Algorithm/data_model.md,Algorithm/data_model.md::L1832[PortalInteractionLayer],`PortalInteractionLayer` is owned by `PortalInteractionLayer`.
Algorithm/schemas/portal_language_contract.schema.json,PortalLanguageContract,obj_portal_language_contract,PortalLanguageContract,control_contract,control_contract,mixed_with_guardrails,Algorithm/frontend_shell_and_interaction_law.md::L236[PortalLanguageContract],Algorithm/frontend_shell_and_interaction_law.md,Algorithm/frontend_shell_and_interaction_law.md::L236[PortalLanguageContract],`PortalLanguageContract` is owned by `PortalLanguageContract`.
Algorithm/schemas/preseal_gate_evaluation_contract.schema.json,PresealGateEvaluationContract,,,control_contract,,,,,,`PresealGateEvaluationContract` has no exact catalog object match; ownership remains heuristic or ambiguous.
Algorithm/schemas/principal_access_view.schema.json,PrincipalAccessView,obj_principal_access_view,PrincipalAccessView,read_model,read_model,projection_only,Algorithm/data_model.md::L1991[PrincipalAccessView],Algorithm/data_model.md,Algorithm/data_model.md::L1991[PrincipalAccessView],`PrincipalAccessView` is owned by `PrincipalAccessView`.
Algorithm/schemas/principal_context.schema.json,PrincipalContext,obj_principal_context,PrincipalContext,canonical_object_storage,mutable_entity,internal_authoritative,Algorithm/data_model.md::L18[PrincipalContext],Algorithm/data_model.md,Algorithm/data_model.md::L18[PrincipalContext],`PrincipalContext` is owned by `PrincipalContext`.
Algorithm/schemas/problem_envelope.schema.json,ProblemEnvelope,obj_problem_envelope,ProblemEnvelope,transport_envelope,envelope,mixed_with_guardrails,Algorithm/data_model.md::L1360[ProblemEnvelope],Algorithm/data_model.md,Algorithm/data_model.md::L1360[ProblemEnvelope],`ProblemEnvelope` is owned by `ProblemEnvelope`.
Algorithm/schemas/proof_bundle.schema.json,ProofBundle,obj_proof_bundle,ProofBundle,canonical_object_storage,append_only_artifact,internal_authoritative,Algorithm/data_model.md::L2733[ProofBundle],Algorithm/data_model.md,Algorithm/data_model.md::L2733[ProofBundle],`ProofBundle` is owned by `ProofBundle`.
Algorithm/schemas/proof_closure_contract.schema.json,ProofClosureContract,obj_proof_closure_contract,ProofClosureContract,control_contract,control_contract,mixed_with_guardrails,Algorithm/audit_and_provenance.md::L1[ProofClosureContract],Algorithm/audit_and_provenance.md,Algorithm/audit_and_provenance.md::L1[ProofClosureContract],`ProofClosureContract` is owned by `ProofClosureContract`.
Algorithm/schemas/provenance_edge.schema.json,ProvenanceEdge,obj_provenance_edge,ProvenanceEdge,canonical_object_storage,append_only_artifact,internal_authoritative,Algorithm/data_model.md::L2714[ProvenanceEdge],Algorithm/data_model.md,Algorithm/data_model.md::L2714[ProvenanceEdge],`ProvenanceEdge` is owned by `ProvenanceEdge`.
Algorithm/schemas/provenance_node.schema.json,ProvenanceNode,obj_provenance_node,ProvenanceNode,canonical_object_storage,append_only_artifact,internal_authoritative,Algorithm/data_model.md::L2707[ProvenanceNode],Algorithm/data_model.md,Algorithm/data_model.md::L2707[ProvenanceNode],`ProvenanceNode` is owned by `ProvenanceNode`.
Algorithm/schemas/provenance_partition_contract.schema.json,ProvenancePartitionContract,obj_provenance_partition_contract,ProvenancePartitionContract,control_contract,control_contract,mixed_with_guardrails,Algorithm/audit_and_provenance.md::L1[ProvenancePartitionContract],Algorithm/audit_and_provenance.md,Algorithm/audit_and_provenance.md::L1[ProvenancePartitionContract],`ProvenancePartitionContract` is owned by `ProvenancePartitionContract`.
Algorithm/schemas/provenance_path.schema.json,ProvenancePath,obj_provenance_path,ProvenancePath,canonical_object_storage,append_only_artifact,internal_authoritative,Algorithm/data_model.md::L2722[ProvenancePath],Algorithm/data_model.md,Algorithm/data_model.md::L2722[ProvenancePath],`ProvenancePath` is owned by `ProvenancePath`.
Algorithm/schemas/recovery_checkpoint.schema.json,RecoveryCheckpoint,obj_recovery_checkpoint,RecoveryCheckpoint,canonical_object_storage,mutable_entity,internal_authoritative,Algorithm/data_model.md::L875[RecoveryCheckpoint],Algorithm/data_model.md,Algorithm/data_model.md::L875[RecoveryCheckpoint],`RecoveryCheckpoint` is owned by `RecoveryCheckpoint`.
Algorithm/schemas/recovery_governance_contract.schema.json,RecoveryGovernanceContract,,,control_contract,,,,,,`RecoveryGovernanceContract` has no exact catalog object match; ownership remains heuristic or ambiguous.
Algorithm/schemas/release_candidate_identity_contract.schema.json,ReleaseCandidateIdentityContract,,,control_contract,,,,,,`ReleaseCandidateIdentityContract` has no exact catalog object match; ownership remains heuristic or ambiguous.
Algorithm/schemas/release_verification_manifest.schema.json,ReleaseVerificationManifest,obj_release_verification_manifest,ReleaseVerificationManifest,canonical_object_storage,mutable_entity,internal_authoritative,Algorithm/data_model.md::L967[ReleaseVerificationManifest],Algorithm/data_model.md,Algorithm/data_model.md::L967[ReleaseVerificationManifest],`ReleaseVerificationManifest` is owned by `ReleaseVerificationManifest`.
Algorithm/schemas/release_verification_manifest_assembly_contract.schema.json,ReleaseVerificationManifestAssemblyContract,obj_release_verification_manifest_assembly_contract,ReleaseVerificationManifestAssemblyContract,control_contract,control_contract,mixed_with_guardrails,Algorithm/data_model.md::L835[ReleaseVerificationManifestAssemblyContract],Algorithm/data_model.md,Algorithm/data_model.md::L835[ReleaseVerificationManifestAssemblyContract],`ReleaseVerificationManifestAssemblyContract` is owned by `ReleaseVerificationManifestAssemblyContract`.
Algorithm/schemas/remediation_task.schema.json,RemediationTask,obj_remediation_task,RemediationTask,canonical_object_storage,mutable_entity,internal_authoritative,Algorithm/data_model.md::L540[RemediationTask],Algorithm/data_model.md,Algorithm/data_model.md::L540[RemediationTask],`RemediationTask` is owned by `RemediationTask`.
Algorithm/schemas/replay_attestation.schema.json,ReplayAttestation,obj_replay_attestation,ReplayAttestation,canonical_object_storage,append_only_artifact,internal_authoritative,Algorithm/data_model.md::L1283[ReplayAttestation],Algorithm/data_model.md,Algorithm/data_model.md::L1283[ReplayAttestation],`ReplayAttestation` is owned by `ReplayAttestation`.
Algorithm/schemas/replay_basis_integrity_contract.schema.json,ReplayBasisIntegrityContract,,,control_contract,,,,,,`ReplayBasisIntegrityContract` has no exact catalog object match; ownership remains heuristic or ambiguous.
Algorithm/schemas/request_info_record.schema.json,RequestInfoRecord,obj_request_info_record,RequestInfoRecord,canonical_object_storage,mutable_entity,internal_authoritative,Algorithm/data_model.md::L182[RequestInfoRecord],Algorithm/data_model.md,Algorithm/data_model.md::L182[RequestInfoRecord],`RequestInfoRecord` is owned by `RequestInfoRecord`.
Algorithm/schemas/restore_drill_result.schema.json,RestoreDrillResult,obj_restore_drill_result,RestoreDrillResult,canonical_object_storage,mutable_entity,internal_authoritative,Algorithm/data_model.md::L921[RestoreDrillResult],Algorithm/data_model.md,Algorithm/data_model.md::L921[RestoreDrillResult],`RestoreDrillResult` is owned by `RestoreDrillResult`.
Algorithm/schemas/restore_privacy_reconciliation_contract.schema.json,RestorePrivacyReconciliationContract,obj_restore_privacy_reconciliation_contract,RestorePrivacyReconciliationContract,control_contract,control_contract,mixed_with_guardrails,Algorithm/data_model.md::L863[RestorePrivacyReconciliationContract],Algorithm/data_model.md,Algorithm/data_model.md::L863[RestorePrivacyReconciliationContract],`RestorePrivacyReconciliationContract` is owned by `RestorePrivacyReconciliationContract`.
Algorithm/schemas/retention_governance_frame.schema.json,RetentionGovernanceFrame,obj_retention_governance_frame,RetentionGovernanceFrame,read_model,read_model,projection_only,Algorithm/data_model.md::L2105[RetentionGovernanceFrame],Algorithm/data_model.md,Algorithm/data_model.md::L2105[RetentionGovernanceFrame],`RetentionGovernanceFrame` is owned by `RetentionGovernanceFrame`.
Algorithm/schemas/retention_limited_explainability_contract.schema.json,RetentionLimitedExplainabilityContract,obj_retention_limited_explainability_contract,RetentionLimitedExplainabilityContract,control_contract,control_contract,mixed_with_guardrails,Algorithm/retention_and_privacy.md::L1[RetentionLimitedExplainabilityContract],Algorithm/retention_and_privacy.md,Algorithm/retention_and_privacy.md::L1[RetentionLimitedExplainabilityContract],`RetentionLimitedExplainabilityContract` is owned by `RetentionLimitedExplainabilityContract`.
Algorithm/schemas/retention_tag.schema.json,RetentionTag,obj_retention_tag,RetentionTag,canonical_object_storage,append_only_artifact,internal_authoritative,Algorithm/data_model.md::L2604[RetentionTag],Algorithm/data_model.md,Algorithm/data_model.md::L2604[RetentionTag],`RetentionTag` is owned by `RetentionTag`.
Algorithm/schemas/retroactive_impact_analysis.schema.json,RetroactiveImpactAnalysis,obj_retroactive_impact_analysis,RetroactiveImpactAnalysis,canonical_object_storage,mutable_entity,internal_authoritative,Algorithm/data_model.md::L703[RetroactiveImpactAnalysis],Algorithm/data_model.md,Algorithm/data_model.md::L703[RetroactiveImpactAnalysis],`RetroactiveImpactAnalysis` is owned by `RetroactiveImpactAnalysis`.
Algorithm/schemas/risk_report.schema.json,RiskReport,obj_risk_report,RiskReport,canonical_object_storage,append_only_artifact,internal_authoritative,Algorithm/data_model.md::L2635[RiskReport],Algorithm/data_model.md,Algorithm/data_model.md::L2635[RiskReport],`RiskReport` is owned by `RiskReport`.
Algorithm/schemas/role_template_matrix.schema.json,RoleTemplateMatrix,obj_role_template_matrix,RoleTemplateMatrix,read_model,read_model,projection_only,Algorithm/data_model.md::L2018[RoleTemplateMatrix],Algorithm/data_model.md,Algorithm/data_model.md::L2018[RoleTemplateMatrix],`RoleTemplateMatrix` is owned by `RoleTemplateMatrix`.
Algorithm/schemas/route_stability_contract.schema.json,RouteStabilityContract,,,control_contract,,,,,,`RouteStabilityContract` has no exact catalog object match; ownership remains heuristic or ambiguous.
Algorithm/schemas/run_manifest.schema.json,RunManifest,obj_run_manifest,RunManifest,canonical_object_storage,mutable_entity,internal_authoritative,Algorithm/data_model.md::L1091[RunManifest],Algorithm/data_model.md,Algorithm/data_model.md::L1091[RunManifest],`RunManifest` is owned by `RunManifest`.
Algorithm/schemas/schema_bundle.schema.json,SchemaBundle,obj_schema_bundle,SchemaBundle,schema_bundle,schema_bundle,mixed_with_guardrails,Algorithm/data_model.md::L2259[SchemaBundle],Algorithm/data_model.md,Algorithm/data_model.md::L2259[SchemaBundle],`SchemaBundle` is owned by `SchemaBundle`.
Algorithm/schemas/schema_bundle_compatibility_gate_contract.schema.json,SchemaBundleCompatibilityGateContract,obj_schema_bundle_compatibility_gate_contract,SchemaBundleCompatibilityGateContract,control_contract,control_contract,mixed_with_guardrails,Algorithm/data_model.md::L824[SchemaBundleCompatibilityGateContract],Algorithm/data_model.md,Algorithm/data_model.md::L824[SchemaBundleCompatibilityGateContract],`SchemaBundleCompatibilityGateContract` is owned by `SchemaBundleCompatibilityGateContract`.
Algorithm/schemas/schema_migration_ledger.schema.json,SchemaMigrationLedger,obj_schema_migration_ledger,SchemaMigrationLedger,canonical_object_storage,mutable_entity,internal_authoritative,Algorithm/data_model.md::L848[SchemaMigrationLedger],Algorithm/data_model.md,Algorithm/data_model.md::L848[SchemaMigrationLedger],`SchemaMigrationLedger` is owned by `SchemaMigrationLedger`.
Algorithm/schemas/schema_reader_window_contract.schema.json,SchemaReaderWindowContract,obj_schema_reader_window_contract,SchemaReaderWindowContract,control_contract,control_contract,mixed_with_guardrails,Algorithm/data_model.md::L1003[SchemaReaderWindowContract],Algorithm/data_model.md,Algorithm/data_model.md::L1003[SchemaReaderWindowContract],`SchemaReaderWindowContract` is owned by `SchemaReaderWindowContract`.
Algorithm/schemas/scope_execution_binding.schema.json,ScopeExecutionBinding,,,ambiguous,,,,,,`ScopeExecutionBinding` has no exact catalog object match; ownership remains heuristic or ambiguous.
Algorithm/schemas/secret_version.schema.json,SecretVersion,obj_secret_version,SecretVersion,canonical_object_storage,mutable_entity,internal_authoritative,Algorithm/data_model.md::L856[SecretVersion],Algorithm/data_model.md,Algorithm/data_model.md::L856[SecretVersion],`SecretVersion` is owned by `SecretVersion`.
Algorithm/schemas/semantic_accessibility_contract.schema.json,SemanticAccessibilityContract,,,control_contract,,,,,,`SemanticAccessibilityContract` has no exact catalog object match; ownership remains heuristic or ambiguous.
Algorithm/schemas/semantic_accessibility_regression_pack.schema.json,SemanticAccessibilityRegressionPack,obj_semantic_accessibility_regression_pack,SemanticAccessibilityRegressionPack,regression_harness,control_contract,mixed_with_guardrails,Algorithm/frontend_shell_and_interaction_law.md::L1[SemanticAccessibilityRegressionPack],Algorithm/frontend_shell_and_interaction_law.md,Algorithm/frontend_shell_and_interaction_law.md::L1[SemanticAccessibilityRegressionPack],`SemanticAccessibilityRegressionPack` is owned by `SemanticAccessibilityRegressionPack`.
Algorithm/schemas/shell_continuity_fuzz_harness.schema.json,ShellContinuityFuzzHarness,obj_shell_continuity_fuzz_harness,ShellContinuityFuzzHarness,regression_harness,control_contract,mixed_with_guardrails,Algorithm/low_noise_experience_contract.md::L1[ShellContinuityFuzzHarness],Algorithm/low_noise_experience_contract.md,Algorithm/low_noise_experience_contract.md::L1[ShellContinuityFuzzHarness],`ShellContinuityFuzzHarness` is owned by `ShellContinuityFuzzHarness`.
Algorithm/schemas/shell_dominance_contract.schema.json,ShellDominanceContract,,,control_contract,,,,,,`ShellDominanceContract` has no exact catalog object match; ownership remains heuristic or ambiguous.
Algorithm/schemas/shell_state_taxonomy_contract.schema.json,ShellStateTaxonomyContract,obj_shell_state_taxonomy_contract,ShellStateTaxonomyContract,control_contract,control_contract,mixed_with_guardrails,Algorithm/data_model.md::L1494[ShellStateTaxonomyContract],Algorithm/data_model.md,Algorithm/data_model.md::L1494[ShellStateTaxonomyContract],`ShellStateTaxonomyContract` is owned by `ShellStateTaxonomyContract`.
Algorithm/schemas/snapshot.schema.json,Snapshot,obj_snapshot,Snapshot,canonical_object_storage,append_only_artifact,internal_authoritative,Algorithm/data_model.md::L2615[Snapshot],Algorithm/data_model.md,Algorithm/data_model.md::L2615[Snapshot],`Snapshot` is owned by `Snapshot`.
Algorithm/schemas/source_collection_run.schema.json,SourceCollectionRun,obj_source_collection_run,SourceCollectionRun,canonical_object_storage,mutable_entity,internal_authoritative,Algorithm/data_model.md::L124[SourceCollectionRun],Algorithm/data_model.md,Algorithm/data_model.md::L124[SourceCollectionRun],`SourceCollectionRun` is owned by `SourceCollectionRun`.
Algorithm/schemas/source_plan.schema.json,SourcePlan,obj_source_plan,SourcePlan,canonical_object_storage,append_only_artifact,internal_authoritative,Algorithm/data_model.md::L2262[SourcePlan],Algorithm/data_model.md,Algorithm/data_model.md::L2262[SourcePlan],`SourcePlan` is owned by `SourcePlan`.
Algorithm/schemas/source_record.schema.json,SourceRecord,obj_source_record,SourceRecord,canonical_object_storage,append_only_artifact,internal_authoritative,Algorithm/data_model.md::L2281[SourceRecord],Algorithm/data_model.md,Algorithm/data_model.md::L2281[SourceRecord],`SourceRecord` is owned by `SourceRecord`.
Algorithm/schemas/source_record_set.schema.json,SourceRecordSet,obj_source_record_set,SourceRecordSet,canonical_object_storage,append_only_artifact,internal_authoritative,Algorithm/data_model.md::L2285[SourceRecordSet],Algorithm/data_model.md,Algorithm/data_model.md::L2285[SourceRecordSet],`SourceRecordSet` is owned by `SourceRecordSet`.
Algorithm/schemas/source_window.schema.json,SourceWindow,obj_source_window,SourceWindow,canonical_object_storage,append_only_artifact,internal_authoritative,Algorithm/data_model.md::L2266[SourceWindow],Algorithm/data_model.md,Algorithm/data_model.md::L2266[SourceWindow],`SourceWindow` is owned by `SourceWindow`.
Algorithm/schemas/state_transition_contract.schema.json,StateTransitionContract,obj_state_transition_contract,StateTransitionContract,control_contract,control_contract,mixed_with_guardrails,Algorithm/data_model.md::L993[StateTransitionContract],Algorithm/data_model.md,Algorithm/data_model.md::L993[StateTransitionContract],`StateTransitionContract` is owned by `StateTransitionContract`.
Algorithm/schemas/stream_recovery_contract.schema.json,StreamRecoveryContract,,,control_contract,,,,,,`StreamRecoveryContract` has no exact catalog object match; ownership remains heuristic or ambiguous.
Algorithm/schemas/submission_record.schema.json,SubmissionRecord,obj_submission_record,SubmissionRecord,canonical_object_storage,mutable_entity,authority_of_record_mirror,Algorithm/data_model.md::L2893[SubmissionRecord],Algorithm/data_model.md,Algorithm/data_model.md::L2893[SubmissionRecord],`SubmissionRecord` is owned by `SubmissionRecord`.
Algorithm/schemas/telemetry_resource.schema.json,TelemetryResource,obj_telemetry_resource,TelemetryResource,canonical_object_storage,mutable_entity,internal_authoritative,Algorithm/data_model.md::L778[TelemetryResource],Algorithm/data_model.md,Algorithm/data_model.md::L778[TelemetryResource],`TelemetryResource` is owned by `TelemetryResource`.
Algorithm/schemas/temporal_propagation_event.schema.json,TemporalPropagationEvent,,,ambiguous,,,,,,`TemporalPropagationEvent` has no exact catalog object match; ownership remains heuristic or ambiguous.
Algorithm/schemas/tenant_governance_snapshot.schema.json,TenantGovernanceSnapshot,obj_tenant_governance_snapshot,TenantGovernanceSnapshot,read_model,read_model,projection_only,Algorithm/data_model.md::L1908[TenantGovernanceSnapshot],Algorithm/data_model.md,Algorithm/data_model.md::L1908[TenantGovernanceSnapshot],`TenantGovernanceSnapshot` is owned by `TenantGovernanceSnapshot`.
Algorithm/schemas/trace_span.schema.json,TraceSpan,obj_trace_span,TraceSpan,canonical_object_storage,mutable_entity,internal_authoritative,Algorithm/data_model.md::L783[TraceSpan],Algorithm/data_model.md,Algorithm/data_model.md::L783[TraceSpan],`TraceSpan` is owned by `TraceSpan`.
Algorithm/schemas/trust_input_basis_contract.schema.json,TrustInputBasisContract,,,control_contract,,,,,,`TrustInputBasisContract` has no exact catalog object match; ownership remains heuristic or ambiguous.
Algorithm/schemas/trust_sensitivity_analysis_contract.schema.json,TrustSensitivityAnalysisContract,,,control_contract,,,,,,`TrustSensitivityAnalysisContract` has no exact catalog object match; ownership remains heuristic or ambiguous.
Algorithm/schemas/trust_sensitivity_contract.schema.json,TrustSensitivityContract,,,control_contract,,,,,,`TrustSensitivityContract` has no exact catalog object match; ownership remains heuristic or ambiguous.
Algorithm/schemas/trust_summary.schema.json,TrustSummary,obj_trust_summary,TrustSummary,canonical_object_storage,mutable_entity,internal_authoritative,Algorithm/data_model.md::L2670[TrustSummary],Algorithm/data_model.md,Algorithm/data_model.md::L2670[TrustSummary],`TrustSummary` is owned by `TrustSummary`.
Algorithm/schemas/twin_delta_arc.schema.json,TwinDeltaArc,obj_twin_delta_arc,TwinDeltaArc,canonical_object_storage,append_only_artifact,internal_authoritative,Algorithm/data_model.md::L2816[TwinDeltaArc],Algorithm/data_model.md,Algorithm/data_model.md::L2816[TwinDeltaArc],`TwinDeltaArc` is owned by `TwinDeltaArc`.
Algorithm/schemas/twin_interpretation_state.schema.json,TwinInterpretationState,obj_twin_interpretation_state,TwinInterpretationState,canonical_object_storage,append_only_artifact,internal_authoritative,Algorithm/data_model.md::L2848[TwinInterpretationState],Algorithm/data_model.md,Algorithm/data_model.md::L2848[TwinInterpretationState],`TwinInterpretationState` is owned by `TwinInterpretationState`.
Algorithm/schemas/twin_mismatch_summary.schema.json,TwinMismatchSummary,obj_twin_mismatch_summary,TwinMismatchSummary,canonical_object_storage,append_only_artifact,internal_authoritative,Algorithm/data_model.md::L2826[TwinMismatchSummary],Algorithm/data_model.md,Algorithm/data_model.md::L2826[TwinMismatchSummary],`TwinMismatchSummary` is owned by `TwinMismatchSummary`.
Algorithm/schemas/twin_portfolio_summary.schema.json,TwinPortfolioSummary,obj_twin_portfolio_summary,TwinPortfolioSummary,canonical_object_storage,append_only_artifact,internal_authoritative,Algorithm/data_model.md::L2856[TwinPortfolioSummary],Algorithm/data_model.md,Algorithm/data_model.md::L2856[TwinPortfolioSummary],`TwinPortfolioSummary` is owned by `TwinPortfolioSummary`.
Algorithm/schemas/twin_readiness_state.schema.json,TwinReadinessState,obj_twin_readiness_state,TwinReadinessState,canonical_object_storage,append_only_artifact,internal_authoritative,Algorithm/data_model.md::L2834[TwinReadinessState],Algorithm/data_model.md,Algorithm/data_model.md::L2834[TwinReadinessState],`TwinReadinessState` is owned by `TwinReadinessState`.
Algorithm/schemas/twin_reconciliation_state.schema.json,TwinReconciliationState,obj_twin_reconciliation_state,TwinReconciliationState,canonical_object_storage,append_only_artifact,internal_authoritative,Algorithm/data_model.md::L2842[TwinReconciliationState],Algorithm/data_model.md,Algorithm/data_model.md::L2842[TwinReconciliationState],`TwinReconciliationState` is owned by `TwinReconciliationState`.
Algorithm/schemas/twin_state_snapshot.schema.json,TwinStateSnapshot,obj_twin_state_snapshot,TwinStateSnapshot,canonical_object_storage,append_only_artifact,internal_authoritative,Algorithm/data_model.md::L2790[TwinStateSnapshot],Algorithm/data_model.md,Algorithm/data_model.md::L2790[TwinStateSnapshot],`TwinStateSnapshot` is owned by `TwinStateSnapshot`.
Algorithm/schemas/twin_timeline.schema.json,TwinTimeline,obj_twin_timeline,TwinTimeline,canonical_object_storage,append_only_artifact,internal_authoritative,Algorithm/data_model.md::L2812[TwinTimeline],Algorithm/data_model.md,Algorithm/data_model.md::L2812[TwinTimeline],`TwinTimeline` is owned by `TwinTimeline`.
Algorithm/schemas/twin_view.schema.json,TwinView,obj_twin_view,TwinView,read_model,read_model,projection_only,Algorithm/data_model.md::L2802[TwinView],Algorithm/data_model.md,Algorithm/data_model.md::L2802[TwinView],`TwinView` is owned by `TwinView`.
Algorithm/schemas/upload_request_binding_contract.schema.json,UploadRequestBindingContract,,,control_contract,,,,,,`UploadRequestBindingContract` has no exact catalog object match; ownership remains heuristic or ambiguous.
Algorithm/schemas/upload_session_recovery_harness.schema.json,UploadSessionRecoveryHarness,obj_upload_session_recovery_harness,UploadSessionRecoveryHarness,regression_harness,control_contract,mixed_with_guardrails,Algorithm/data_model.md::L2198[UploadSessionRecoveryHarness],Algorithm/data_model.md,Algorithm/data_model.md::L2198[UploadSessionRecoveryHarness],`UploadSessionRecoveryHarness` is owned by `UploadSessionRecoveryHarness`.
Algorithm/schemas/verification_suite_result.schema.json,VerificationSuiteResult,obj_verification_suite_result,VerificationSuiteResult,canonical_object_storage,mutable_entity,internal_authoritative,Algorithm/data_model.md::L886[VerificationSuiteResult],Algorithm/data_model.md,Algorithm/data_model.md::L886[VerificationSuiteResult],`VerificationSuiteResult` is owned by `VerificationSuiteResult`.
Algorithm/schemas/visibility_partition_contract.schema.json,VisibilityPartitionContract,,,control_contract,,,,,,`VisibilityPartitionContract` has no exact catalog object match; ownership remains heuristic or ambiguous.
Algorithm/schemas/work_inbox_delta.schema.json,WorkInboxDelta,obj_work_inbox_delta,WorkInboxDelta,projection,projection,projection_only,Algorithm/data_model.md::L293[WorkInboxDelta],Algorithm/data_model.md,Algorithm/data_model.md::L293[WorkInboxDelta],`WorkInboxDelta` is owned by `WorkInboxDelta`.
Algorithm/schemas/work_inbox_snapshot.schema.json,WorkInboxSnapshot,obj_work_inbox_snapshot,WorkInboxSnapshot,read_model,read_model,projection_only,Algorithm/data_model.md::L235[WorkInboxSnapshot],Algorithm/data_model.md,Algorithm/data_model.md::L235[WorkInboxSnapshot],`WorkInboxSnapshot` is owned by `WorkInboxSnapshot`.
Algorithm/schemas/work_item_notification.schema.json,WorkItemNotification,obj_work_item_notification,WorkItemNotification,read_model,read_model,projection_only,Algorithm/data_model.md::L195[WorkItemNotification],Algorithm/data_model.md,Algorithm/data_model.md::L195[WorkItemNotification],`WorkItemNotification` is owned by `WorkItemNotification`.
Algorithm/schemas/work_item_participant.schema.json,WorkItemParticipant,obj_work_item_participant,WorkItemParticipant,canonical_object_storage,mutable_entity,internal_authoritative,Algorithm/data_model.md::L187[WorkItemParticipant],Algorithm/data_model.md,Algorithm/data_model.md::L187[WorkItemParticipant],`WorkItemParticipant` is owned by `WorkItemParticipant`.
Algorithm/schemas/work_queue_health_contract.schema.json,WorkQueueHealthContract,,,control_contract,,,,,,`WorkQueueHealthContract` has no exact catalog object match; ownership remains heuristic or ambiguous.
Algorithm/schemas/workflow_item.schema.json,WorkflowItem,obj_workflow_item,WorkflowItem,canonical_object_storage,mutable_entity,mixed_with_guardrails,Algorithm/data_model.md::L131[WorkflowItem],Algorithm/data_model.md,Algorithm/data_model.md::L131[WorkflowItem],`WorkflowItem` is owned by `WorkflowItem`.
Algorithm/schemas/workspace_cursor.schema.json,WorkspaceCursor,obj_workspace_cursor,WorkspaceCursor,projection,projection,projection_only,Algorithm/data_model.md::L608[WorkspaceCursor],Algorithm/data_model.md,Algorithm/data_model.md::L608[WorkspaceCursor],`WorkspaceCursor` is owned by `WorkspaceCursor`.
Algorithm/schemas/workspace_snapshot.schema.json,WorkspaceSnapshot,obj_workspace_snapshot,WorkspaceSnapshot,read_model,read_model,projection_only,Algorithm/data_model.md::L307[WorkspaceSnapshot],Algorithm/data_model.md,Algorithm/data_model.md::L307[WorkspaceSnapshot],`WorkspaceSnapshot` is owned by `WorkspaceSnapshot`.
Algorithm/schemas/workspace_stream_event.schema.json,WorkspaceStreamEvent,obj_workspace_stream_event,WorkspaceStreamEvent,projection,projection,projection_only,Algorithm/data_model.md::L1372[WorkspaceStreamEvent],Algorithm/data_model.md,Algorithm/data_model.md::L1372[WorkspaceStreamEvent],`WorkspaceStreamEvent` is owned by `WorkspaceStreamEvent`.
